Sample Number,Seedling_ID,Elev,Genotype,Micro,Age,Prev_trmt,Measurement,Date,Time,Fo,Fv,Fm,Fv/Fm,Fv/Fo
1,1,high,g,uninoc,old,high,0,Jul/04/2025,13:16:24,150,131,281,0.466,0.873
2,1,high,g,uninoc,old,high,0,Jul/04/2025,13:16:34,280,409,689,0.593,1.46
3,2,high,h,inoc,new,high,0,Jul/04/2025,13:16:45,132,406,538,0.754,3.075
4,2,high,h,inoc,new,high,0,Jul/04/2025,13:16:57,101,385,486,0.792,3.811
5,3,low,k,uninoc,old,high,0,Jul/04/2025,13:17:09,157,419,576,0.727,2.668
6,3,low,k,uninoc,old,high,0,Jul/04/2025,13:17:20,105,304,409,0.743,2.895
7,4,low,k,uninoc,new,high,0,Jul/04/2025,13:17:37,148,278,426,0.652,1.878
8,4,low,k,uninoc,old,high,0,Jul/04/2025,13:17:46,203,712,915,0.778,3.507
9,5,high,g,uninoc,new,high,0,Jul/04/2025,13:17:58,251,734,985,0.745,2.924
10,5,high,g,uninoc,old,high,0,Jul/04/2025,13:18:12,80,387,467,0.828,4.837
11,6,high,h,uninoc,old,high,0,Jul/04/2025,13:18:38,126,203,329,0.617,1.611
12,6,high,h,uninoc,new,high,0,Jul/04/2025,13:18:48,199,518,717,0.722,2.603
13,7,low,k,uninoc,new,high,0,Jul/04/2025,13:18:58,193,384,577,0.665,1.989
14,7,low,k,uninoc,old,high,0,Jul/04/2025,13:19:09,147,582,729,0.798,3.959
15,8,high,h,uninoc,new,high,0,Jul/04/2025,13:19:17,94,270,364,0.741,2.872
16,8,high,h,uninoc,old,high,0,Jul/04/2025,13:19:24,170,709,879,0.806,4.17
17,9,low,k,uninoc,new,high,0,Jul/04/2025,13:19:38,204,426,630,0.676,2.088
18,9,low,k,uninoc,old,high,0,Jul/04/2025,13:19:47,146,539,685,0.786,3.691
19,10,high,h,inoc,new,high,0,Jul/04/2025,13:19:58,190,728,918,0.793,3.831
20,10,high,h,inoc,new,high,0,Jul/04/2025,13:20:07,109,472,581,0.812,4.33
21,11,high,j,uninoc,new,high,0,Jul/04/2025,13:20:18,159,593,752,0.788,3.729
22,11,high,j,uninoc,old,high,0,Jul/04/2025,13:20:27,121,599,720,0.831,4.95
23,12,low,k,inoc,new,high,0,Jul/04/2025,13:20:37,236,324,560,0.578,1.372
24,12,low,k,inoc,old,high,0,Jul/04/2025,13:20:46,79,282,361,0.781,3.569
25,13,low,k,uninoc,new,high,0,Jul/04/2025,13:21:08,200,566,766,0.738,2.83
26,13,low,k,uninoc,old,high,0,Jul/04/2025,13:21:43,103,115,218,0.527,1.116
27,14,low,k,inoc,new,high,0,Jul/04/2025,13:21:53,119,423,542,0.78,3.554
28,14,low,k,inoc,old,high,0,Jul/04/2025,13:22:04,116,580,696,0.833,5
29,15,low,k,uninoc,new,high,0,Jul/04/2025,13:22:20,113,274,387,0.708,2.424
30,15,low,k,uninoc,old,high,0,Jul/04/2025,13:22:28,94,370,464,0.797,3.936
31,16,high,i,inoc,new,high,0,Jul/04/2025,13:22:41,165,617,782,0.789,3.739
32,16,high,i,inoc,old,high,0,Jul/04/2025,13:22:54,136,752,888,0.846,5.529
33,17,low,k,uninoc,new,high,0,Jul/04/2025,13:23:04,176,393,569,0.69,2.232
34,17,low,k,uninoc,old,high,0,Jul/04/2025,13:23:14,162,416,578,0.719,2.567
35,18,high,g,uninoc,new,high,0,Jul/04/2025,13:23:25,115,345,460,0.75,3
36,18,high,g,uninoc,old,high,0,Jul/04/2025,13:23:34,106,346,452,0.765,3.264
37,19,low,h,inoc,new,high,0,Jul/04/2025,13:23:45,130,259,389,0.665,1.992
38,19,low,h,inoc,old,high,0,Jul/04/2025,13:23:55,74,152,226,0.672,2.054
39,20,high,g,uninoc,old,mod,0,Jul/04/2025,13:24:11,163,533,696,0.765,3.269
40,20,high,g,uninoc,old,mod,0,Jul/04/2025,13:24:19,86,300,386,0.777,3.488
41,21,high,h,uninoc,old,mod,0,Jul/04/2025,13:24:30,281,804,1085,0.741,2.861
42,21,high,h,uninoc,old,mod,0,Jul/04/2025,13:24:45,129,469,598,0.784,3.635
43,22,high,h,inoc,new,mod,0,Jul/04/2025,13:24:56,203,500,703,0.711,2.463
44,22,high,h,inoc,old,mod,0,Jul/04/2025,13:25:08,271,1037,1308,0.792,3.826
45,23,high,j,uninoc,new,mod,0,Jul/04/2025,13:25:18,143,497,640,0.776,3.475
46,23,high,j,uninoc,old,mod,0,Jul/04/2025,13:25:29,211,786,997,0.788,3.725
47,24,high,i,inoc,new,mod,0,Jul/04/2025,13:25:41,295,909,1204,0.754,3.081
48,24,high,i,inoc,new,mod,0,Jul/04/2025,13:25:50,199,874,1073,0.814,4.391
49,25,high,h,uninoc,new,mod,0,Jul/04/2025,13:26:01,212,273,485,0.562,1.287
50,25,high,h,uninoc,old,mod,0,Jul/04/2025,13:26:21,147,476,623,0.764,3.238
51,26,low,k,uninoc,new,mod,0,Jul/04/2025,13:27:08,218,403,621,0.648,1.848
52,26,low,k,uninoc,old,mod,0,Jul/04/2025,13:27:17,154,486,640,0.759,3.155
53,27,high,i,uninoc,new,mod,0,Jul/04/2025,13:27:34,100,313,413,0.757,3.13
54,27,high,i,uninoc,old,mod,0,Jul/04/2025,13:27:51,248,979,1227,0.797,3.947
55,28,low,k,inoc,new,mod,0,Jul/04/2025,13:28:00,81,171,252,0.678,2.111
56,28,low,k,inoc,old,mod,0,Jul/04/2025,13:28:13,218,601,819,0.733,2.756
57,29,low,k,uninoc,new,mod,0,Jul/04/2025,13:28:31,256,474,730,0.649,1.851
58,29,low,k,uninoc,old,mod,0,Jul/04/2025,13:28:39,190,607,797,0.761,3.194
59,30,low,k,uninoc,new,mod,0,Jul/04/2025,13:29:21,167,363,530,0.684,2.173
60,30,low,k,uninoc,old,mod,0,Jul/04/2025,13:29:31,258,812,1070,0.758,3.147
61,31,low,k,uninoc,new,mod,0,Jul/04/2025,13:29:41,193,466,659,0.707,2.414
62,31,low,k,uninoc,old,mod,0,Jul/04/2025,13:29:50,221,800,1021,0.783,3.619
63,32,low,k,uninoc,new,mod,0,Jul/04/2025,13:30:03,210,355,565,0.628,1.69
64,32,low,k,uninoc,old,mod,0,Jul/04/2025,13:30:12,282,839,1121,0.748,2.975
65,33,low,l,inoc,new,mod,0,Jul/04/2025,13:30:25,282,618,900,0.686,2.191
66,33,low,l,inoc,old,mod,0,Jul/04/2025,13:30:36,127,239,366,0.653,1.881
67,34,high,j,uninoc,old,mod,0,Jul/04/2025,13:30:47,294,782,1076,0.726,2.659
68,34,high,j,uninoc,old,mod,0,Jul/04/2025,13:30:57,90,203,293,0.692,2.255
69,35,low,k,uninoc,new,mod,0,Jul/04/2025,13:31:07,157,541,698,0.775,3.445
70,35,low,k,uninoc,old,mod,0,Jul/04/2025,13:31:16,247,979,1226,0.798,3.963
71,36,high,g,uninoc,new,mod,0,Jul/04/2025,13:31:28,252,525,777,0.675,2.083
72,36,high,g,uninoc,old,mod,0,Jul/04/2025,13:31:38,148,488,636,0.767,3.297
73,37,low,k,uninoc,new,mod,0,Jul/04/2025,13:31:49,187,404,591,0.683,2.16
74,37,low,k,uninoc,old,mod,0,Jul/04/2025,13:31:58,199,734,933,0.786,3.688
75,38,high,h,inoc,new,control,0,Jul/04/2025,13:32:12,181,491,672,0.73,2.712
76,38,high,h,inoc,old,control,0,Jul/04/2025,13:32:20,137,581,718,0.809,4.24
77,39,high,j,inoc,new,control,0,Jul/04/2025,13:32:29,223,884,1107,0.798,3.964
78,39,high,j,inoc,old,control,0,Jul/04/2025,13:32:54,210,753,963,0.781,3.585
79,40,low,n,inoc,new,control,0,Jul/04/2025,13:33:05,142,423,565,0.748,2.978
80,40,low,n,inoc,old,control,0,Jul/04/2025,13:33:19,84,323,407,0.793,3.845
81,41,low,k,uninoc,new,control,0,Jul/04/2025,13:33:36,165,480,645,0.744,2.909
82,41,low,k,uninoc,old,control,0,Jul/04/2025,13:33:48,114,554,668,0.829,4.859
83,42,high,g,uninoc,new,control,0,Jul/04/2025,13:33:57,246,775,1021,0.759,3.15
84,42,high,g,uninoc,old,control,0,Jul/04/2025,13:34:08,234,831,1065,0.78,3.551
85,43,high,h,uninoc,old,control,0,Jul/04/2025,13:34:20,194,691,885,0.78,3.561
86,43,high,h,uninoc,old,control,0,Jul/04/2025,13:34:31,190,691,881,0.784,3.636
87,44,high,h,uninoc,old,control,0,Jul/04/2025,13:34:43,158,605,763,0.792,3.829
88,44,high,h,uninoc,old,control,0,Jul/04/2025,13:34:53,200,819,1019,0.803,4.095
89,45,low,k,uninoc,new,control,0,Jul/04/2025,13:35:01,149,355,504,0.704,2.382
90,45,low,k,uninoc,old,control,0,Jul/04/2025,13:35:09,152,640,792,0.808,4.21
91,46,low,k,uninoc,new,control,0,Jul/04/2025,13:35:18,78,226,304,0.743,2.897
92,46,low,k,uninoc,old,control,0,Jul/04/2025,13:35:27,213,746,959,0.777,3.502
93,47,high,j,uninoc,old,control,0,Jul/04/2025,13:35:36,225,719,944,0.761,3.195
94,47,high,j,uninoc,old,control,0,Jul/04/2025,13:35:44,218,628,846,0.742,2.88
95,48,low,k,uninoc,new,control,0,Jul/04/2025,13:35:54,191,372,563,0.66,1.947
96,48,low,k,uninoc,old,control,0,Jul/04/2025,13:36:04,93,326,419,0.778,3.505
97,49,low,k,inoc,new,control,0,Jul/04/2025,13:36:23,118,322,440,0.731,2.728
98,49,low,k,inoc,old,control,0,Jul/04/2025,13:36:35,145,567,712,0.796,3.91
99,50,low,k,uninoc,new,control,0,Jul/04/2025,13:36:45,113,374,487,0.767,3.309
100,50,low,k,uninoc,old,control,0,Jul/04/2025,13:36:57,89,329,418,0.787,3.696
101,51,high,i,inoc,new,control,0,Jul/04/2025,13:37:10,150,451,601,0.75,3.006
102,51,high,i,inoc,old,control,0,Jul/04/2025,13:37:25,172,765,937,0.816,4.447
103,52,low,k,uninoc,old,control,0,Jul/04/2025,13:37:35,304,814,1118,0.728,2.677
104,52,low,k,uninoc,old,control,0,Jul/04/2025,13:37:44,209,679,888,0.764,3.248
105,53,low,k,uninoc,new,control,0,Jul/04/2025,13:37:53,172,476,648,0.734,2.767
106,53,low,k,uninoc,old,control,0,Jul/04/2025,13:38:02,157,698,855,0.816,4.445
107,54,high,g,uninoc,new,control,0,Jul/04/2025,13:38:14,169,386,555,0.695,2.284
108,54,high,g,uninoc,old,control,0,Jul/04/2025,13:38:26,54,168,222,0.756,3.111
109,55,high,h,uninoc,new,control,0,Jul/04/2025,13:38:51,90,255,345,0.739,2.833
110,55,high,h,uninoc,old,control,0,Jul/04/2025,13:39:01,218,1021,1239,0.824,4.683
111,56,low,m,inoc,old,control,0,Jul/04/2025,13:39:12,153,441,594,0.742,2.882
112,56,low,m,inoc,old,control,0,Jul/04/2025,13:39:22,133,508,641,0.792,3.819
113,57,high,g,uninoc,old,control,0,Jul/04/2025,13:39:32,90,158,248,0.637,1.755
114,57,high,g,uninoc,old,control,0,Jul/04/2025,13:39:48,160,484,644,0.751,3.025
