Date,Measurement,Seedling_ID,ImageJ,Roboflow_corrected,Roboflow
24-Jun,rec1,20,1.469,1.469,3.986602871
24-Jun,rec1,21,1.812,1.812,4.514720314
24-Jun,rec1,22,4.937,4.937,4.956616843
24-Jun,rec1,23,2.603,2.603,6
24-Jun,rec1,24,1.856,1.856,4.377579737
24-Jun,rec1,25,4.479,4.479,4.721748037
24-Jun,rec1,26,4.521,4.521,4.679669573
24-Jun,rec1,27,3.363,3.363,3.944768986
24-Jun,rec1,28,5,5,4.727225806
24-Jun,rec1,29,4.139,4.139,3.635749752
24-Jun,rec1,30,6,6,4.475080906
24-Jun,rec1,31,3.79,3.79,5.113646466
24-Jun,rec1,32,5.374,5.374,4.71509434
24-Jun,rec1,33,5.012,5.012,4.301950806
24-Jun,rec1,34,5.37,5.37,4.405823476
24-Jun,rec1,35,5.76,5.76,4.375626043
24-Jun,rec1,36,5.433,5.433,4.957429719
24-Jun,rec1,37,4.416,4.416,4.864142539
25-Jun,rec1,1,3.692,3.692,4.901525659
25-Jun,rec1,2,5.997,5.997,3.871371656
25-Jun,rec1,3,3.633,3.633,4.145826869
25-Jun,rec1,4,5.069,5.069,5.478369592
25-Jun,rec1,5,4.632,4.632,4.953833961
25-Jun,rec1,6,4.521,4.521,3.530506722
25-Jun,rec1,7,3.812,3.812,4.881245944
25-Jun,rec1,8,5.181,5.181,4.984461709
25-Jun,rec1,9,4.241,4.241,4.740600487
25-Jun,rec1,10,4.886,4.886,4.858195926
25-Jun,rec1,11,4.152,4.152,6
25-Jun,rec1,12,5.024,5.024,4.438536128
25-Jun,rec1,13,2.962,2.962,4.4921875
25-Jun,rec1,14,4.625,4.625,5.252531747
25-Jun,rec1,15,4.856,4.856,4.297808466
25-Jun,rec1,16,3.814,3.814,4.647993944
25-Jun,rec1,17,3.382,3.382,4.889573703
25-Jun,rec1,18,2.868,2.868,4.815949538
25-Jun,rec1,19,4.906,4.906,4.350073135
25-Jun,rec2,20,3.015,3.015,3.66588785
25-Jun,rec2,21,2.496,2.496,4.60370467
25-Jun,rec2,22,5.034,5.034,4.754419494
25-Jun,rec2,23,4.005,4.005,4.608498216
25-Jun,rec2,24,2.942,2.942,4.275793651
25-Jun,rec2,25,5.3,5.3,4.983456249
25-Jun,rec2,26,2.782,2.782,4.773599386
25-Jun,rec2,27,2.803,2.803,4.912280702
25-Jun,rec2,28,4.335,4.335,4.575322812
25-Jun,rec2,29,2.779,2.779,4.976481656
25-Jun,rec2,30,6,6,4.837758112
25-Jun,rec2,31,3.715,3.715,3.915363385
25-Jun,rec2,32,5.648,5.648,4.805327869
25-Jun,rec2,33,4.733,4.733,4.756809339
25-Jun,rec2,34,3.876,3.876,5.076086957
25-Jun,rec2,35,6,6,3.989565217
25-Jun,rec2,36,2.543,2.543,4.843599205
25-Jun,rec2,37,5.348,5.348,4.951998308
30-Jun,rec7,1,3.006,3.006,4.708472577
30-Jun,rec7,2,4.357,4.357,4.633650519
30-Jun,rec7,3,2.94,2.94,2.887287699
30-Jun,rec7,4,4.54,4.54,4.558683729
30-Jun,rec7,5,3.703,3.703,4.795913403
30-Jun,rec7,6,4.937,4.937,4.105853051
30-Jun,rec7,7,2.982,2.982,3.775790922
30-Jun,rec7,8,3.556,3.556,4.387654321
30-Jun,rec7,9,1.98,1.98,3.769198489
30-Jun,rec7,10,3.271,3.271,4.455536181
30-Jun,rec7,11,4.089,4.089,4.089618703
30-Jun,rec7,12,2.794,2.794,4.717007763
30-Jun,rec7,13,2.401,2.401,4.838735709
30-Jun,rec7,14,2.698,2.698,5.075709187
30-Jun,rec7,15,2.898,2.898,4.706131078
30-Jun,rec7,16,3.964,3.964,4.49115566
30-Jun,rec7,17,3.839,3.839,3.909284196
30-Jun,rec7,18,4.074,4.074,4.546433378
30-Jun,rec7,19,3.593,3.593,3.089127991
30-Jun,rec7,20,4.751,4.751,4.539753639
30-Jun,rec7,21,1.856,1.856,2.913901345
30-Jun,rec7,22,3.052,3.052,4.685076381
30-Jun,rec7,23,4.852,4.852,4.590514632
30-Jun,rec7,24,3.032,3.032,3.38719966
30-Jun,rec7,25,4.79,4.79,4.99781838
30-Jun,rec7,26,2.717,2.717,4.539647577
30-Jun,rec7,27,3.187,3.187,4.026975991
30-Jun,rec7,28,4.559,4.559,6
30-Jun,rec7,29,3.5,3.5,4.475908707
30-Jun,rec7,30,4.945,4.945,4.98739255
30-Jun,rec7,31,2.872,2.872,3.927842069
30-Jun,rec7,32,2.755,2.755,5.066628292
30-Jun,rec7,33,3.296,3.296,3.110050701
30-Jun,rec7,34,4.023,4.023,4.310867943
30-Jun,rec7,35,6,6,6
30-Jun,rec7,36,3.096,3.096,3.107410491
30-Jun,rec7,37,2.449,2.449,4.655857741
30-Jun,rec7,38,3.733,3.733,4.318769231
30-Jun,rec7,39,4.646,4.646,6
30-Jun,rec7,40,3.54,3.54,4.305498217
30-Jun,rec7,41,3.822,3.822,4.395473496
30-Jun,rec7,42,4.465,4.465,4.566854648
30-Jun,rec7,43,2.414,2.414,6
30-Jun,rec7,44,3.313,3.313,3.15266559
30-Jun,rec7,45,2.921,2.921,3.362584763
30-Jun,rec7,46,5.065,5.065,4.267613745
30-Jun,rec7,47,2.884,2.884,4.435625786
30-Jun,rec7,48,3.626,3.626,6
30-Jun,rec7,49,4.081,4.081,4.606575782
30-Jun,rec7,50,3.978,3.978,6
30-Jun,rec7,51,3.531,3.531,5.401640067
30-Jun,rec7,52,4.698,4.698,4.25499232
30-Jun,rec7,53,4.617,4.617,4.313924051
30-Jun,rec7,54,5.319,5.319,4.85909246
30-Jun,rec7,55,5.849,5.849,
30-Jun,rec7,56,4.613,4.613,3.835279066
30-Jun,rec7,57,4.107,4.107,
4-Jul,pre,1,3.43,3.43,4.73126615
4-Jul,pre,2,4.5,4.5,4.435546875
4-Jul,pre,3,4.284,4.284,4.325735294
4-Jul,pre,4,4.595,4.595,3.249042146
4-Jul,pre,5,3.126,3.126,4.598870056
4-Jul,pre,6,4.809,4.809,3.406360424
4-Jul,pre,7,3.745,3.745,4.921371312
4-Jul,pre,8,5.027,5.027,3.0453125
4-Jul,pre,9,3.297,3.297,5.111555778
4-Jul,pre,10,3.703,3.703,4.589041096
4-Jul,pre,11,3.844,3.844,4.810645966
4-Jul,pre,12,3.967,3.967,5.247622402
4-Jul,pre,13,2.662,2.662,4.510367708
4-Jul,pre,14,5.573,5.573,5.122166247
4-Jul,pre,15,5.304,5.304,5.173659454
4-Jul,pre,16,4.593,4.593,5.008286088
4-Jul,pre,17,3.278,3.278,4.842356308
4-Jul,pre,18,3.518,3.518,3.905336147
4-Jul,pre,19,3.271,3.271,4.275132275
4-Jul,pre,20,2.636,2.636,6
4-Jul,pre,21,2.02,2.02,4.44519774
4-Jul,pre,22,3.243,3.243,4.833934017
4-Jul,pre,23,3.22,3.243,4.733357067
4-Jul,pre,24,3.212,3.22,3.286536249
4-Jul,pre,25,3.157,3.212,4.810656518
4-Jul,pre,26,3.25,3.212,4.637523629
4-Jul,pre,27,2.854,3.157,4.291485149
4-Jul,pre,28,3.806,3.25,4.926467864
4-Jul,pre,29,3.288,2.854,4.633959371
4-Jul,pre,30,2.693,3.806,4.920028309
4-Jul,pre,31,2.982,3.288,4.906021384
4-Jul,pre,32,3.732,2.693,6
4-Jul,pre,33,3.143,2.982,4.957902001
4-Jul,pre,34,2.656,3.732,4.787790698
4-Jul,pre,35,3.792,3.143,4.697773065
4-Jul,pre,36,2.673,2.656,4.557901086
4-Jul,pre,37,3.253,3.792,4.887789905
4-Jul,pre,38,4.088,2.673,4.943186672
4-Jul,pre,39,5.076,3.253,3.911657257
4-Jul,pre,40,3.264,4.088,4.18176
4-Jul,pre,41,3.282,5.076,4.840757238
4-Jul,pre,42,3.82,3.264,4.975927131
4-Jul,pre,43,3.276,3.282,4.586057143
4-Jul,pre,44,5.232,3.82,4.85600907
4-Jul,pre,45,3.175,3.276,4.351203039
4-Jul,pre,46,2.929,5.232,4.65920494
4-Jul,pre,47,1.319,3.175,6
4-Jul,pre,48,3.673,2.929,4.526564345
4-Jul,pre,49,3.268,1.319,4.869702791
4-Jul,pre,50,3.559,3.673,4.726941305
4-Jul,pre,51,3.064,3.268,4.575779763
4-Jul,pre,52,3.723,3.559,3.96515439
4-Jul,pre,53,3.769,3.064,4.612847819
4-Jul,pre,54,4.714,3.723,4.982185273
4-Jul,pre,55,5.024,3.723,4.022217475
4-Jul,pre,56,4.193,3.769,4.737629459
4-Jul,pre,57,3.829,4.714,4.753070459
6-Jul,rec1,11,1.269,5.024,4.535947712
6-Jul,rec1,12,4.18,4.193,4.776842105
6-Jul,rec1,13,2.102,3.829,4.61014075
6-Jul,rec1,14,3.999,1.269,5.032799627
6-Jul,rec1,15,3.847,4.18,5.036252546
6-Jul,rec1,16,3.651,2.102,4.905775076
6-Jul,rec1,17,4.339,3.999,4.859939542
6-Jul,rec1,18,2.758,3.847,4.436691052
6-Jul,rec1,19,3.407,3.651,4.934530707
6-Jul,rec1,20,0.256,4.339,3.284772577
6-Jul,rec1,21,1.349,2.758,4.871024735
6-Jul,rec1,22,5.951,3.407,4.862676056
6-Jul,rec1,23,3.816,0.256,4.463535003
6-Jul,rec1,24,3.344,1.349,4.839022637
6-Jul,rec1,25,3.513,5.951,5.183243142
6-Jul,rec1,26,4.129,3.816,2.964135021
6-Jul,rec1,27,2.12,3.344,5.073659399
6-Jul,rec1,28,5.414,3.513,4.877668587
6-Jul,rec1,48,3.228,4.129,6
6-Jul,rec1,49,3.192,2.12,4.323771514
