"Seedling_ID","ID2","Elev","Genotype","Micro","Needle_age","Prev_trmt","Trmt_2","Measurement","Date","Time","Fo","Fv","Fm","Fv.Fm","Fv.Fo","Seed_ID","time"
"11","a","high","j","uninoc","new","high","heat","7",2025-07-05,"15:30:01",364,357,721,0.495,0.98,"11 a",0
"11","b","high","j","uninoc","old","high","heat","7",2025-07-05,"15:30:09",342,153,495,0.309,0.447,"11 b",0
"12","a","low","k","inoc","new","high","heat","7",2025-07-05,"15:30:18",348,91,439,0.207,0.261,"12 a",0
"12","b","low","k","inoc","old","high","heat","7",2025-07-05,"15:30:27",203,393,596,0.659,1.935,"12 b",0
"13","a","low","k","uninoc","new","high","heat","7",2025-07-05,"15:30:38",351,484,835,0.579,1.378,"13 a",0
"13","b","low","k","uninoc","old","high","heat","7",2025-07-05,"15:30:46",298,399,697,0.572,1.338,"13 b",0
"14","a","low","k","inoc","new","high","heat","7",2025-07-05,"15:30:56",572,182,754,0.241,0.318,"14 a",0
"14","b","low","k","inoc","old","high","heat","7",2025-07-05,"15:31:05",276,199,475,0.418,0.721,"14 b",0
"15","a","low","k","uninoc","new","high","heat","7",2025-07-05,"15:31:14",258,55,313,0.175,0.213,"15 a",0
"15","b","low","k","uninoc","old","high","heat","7",2025-07-05,"15:31:23",137,105,242,0.433,0.766,"15 b",0
"16","a","high","i","inoc","new","high","heat","7",2025-07-05,"15:31:35",310,418,728,0.574,1.348,"16 a",0
"16","b","high","i","inoc","old","high","heat","7",2025-07-05,"15:31:47",333,921,1254,0.734,2.765,"16 b",0
"17","a","low","k","uninoc","new","high","heat","7",2025-07-05,"15:31:56",368,10,378,0.026,0.027,"17 a",0
"17","b","low","k","uninoc","old","high","heat","7",2025-07-05,"15:32:04",424,148,572,0.258,0.349,"17 b",0
"18","a","high","g","uninoc","new","high","heat","7",2025-07-05,"15:32:13",204,136,340,0.4,0.666,"18 a",0
"18","b","high","g","uninoc","old","high","heat","7",2025-07-05,"15:32:22",304,395,699,0.565,1.299,"18 b",0
"19","a","low","h","inoc","new","high","heat","7",2025-07-05,"15:32:34",323,30,353,0.084,0.092,"19 a",0
"19","b","low","h","inoc","old","high","heat","7",2025-07-05,"15:32:48",161,127,288,0.44,0.788,"19 b",0
"20","a","high","g","uninoc","old","mod","heat","7",2025-07-05,"15:32:57",215,238,453,0.525,1.106,"20 a",0
"20","b","high","g","uninoc","old","mod","heat","7",2025-07-05,"15:33:05",114,91,205,0.443,0.798,"20 b",0
"21","a","high","h","uninoc","old","mod","heat","7",2025-07-05,"15:33:13",313,296,609,0.486,0.945,"21 a",0
"21","b","high","h","uninoc","old","mod","heat","7",2025-07-05,"15:33:22",587,234,821,0.285,0.398,"21 b",0
"22","a","high","h","inoc","new","mod","heat","7",2025-07-05,"15:33:31",411,74,485,0.152,0.18,"22 a",0
"22","b","high","h","inoc","old","mod","heat","7",2025-07-05,"15:33:40",764,188,952,0.197,0.246,"22 b",0
"23","a","high","j","uninoc","new","mod","heat","7",2025-07-05,"15:33:51",431,119,550,0.216,0.276,"23 a",0
"23","b","high","j","uninoc","old","mod","heat","7",2025-07-05,"15:34:00",419,345,764,0.451,0.823,"23 b",0
"24","a","high","i","inoc","new","mod","heat","7",2025-07-05,"15:34:11",746,154,900,0.171,0.206,"24 a",0
"24","b","high","i","inoc","new","mod","heat","7",2025-07-05,"15:34:20",260,532,792,0.671,2.046,"24 b",0
"25","a","high","h","uninoc","new","mod","heat","7",2025-07-05,"15:34:29",493,105,598,0.175,0.212,"25 a",0
"25","b","high","h","uninoc","old","mod","heat","7",2025-07-05,"15:34:37",52,26,78,0.333,0.5,"25 b",0
"26","a","low","k","uninoc","new","mod","heat","7",2025-07-05,"15:34:49",202,82,284,0.288,0.405,"26 a",0
"26","b","low","k","uninoc","old","mod","heat","7",2025-07-05,"15:34:57",203,458,661,0.692,2.256,"26 b",0
"27","a","high","i","uninoc","new","mod","heat","7",2025-07-05,"15:35:09",227,69,296,0.233,0.303,"27 a",0
"27","b","high","i","uninoc","old","mod","heat","7",2025-07-05,"15:35:17",266,462,728,0.634,1.736,"27 b",0
"28","a","low","k","inoc","new","mod","heat","7",2025-07-05,"15:35:26",261,96,357,0.268,0.367,"28 a",0
"28","b","low","k","inoc","old","mod","heat","7",2025-07-05,"15:35:35",396,93,489,0.19,0.234,"28 b",0
"48","a","low","k","uninoc","new","control","heat","7",2025-07-05,"15:35:43",658,0,658,0,0,"48 a",0
"48","b","low","k","uninoc","old","control","heat","7",2025-07-05,"15:35:52",342,203,545,0.372,0.593,"48 b",0
"49","a","low","k","inoc","new","control","heat","7",2025-07-05,"15:36:05",391,160,551,0.29,0.409,"49 a",0
"49","b","low","k","inoc","old","control","heat","7",2025-07-05,"15:36:13",344,179,523,0.342,0.52,"49 b",0
"50","a","low","k","uninoc","new","control","heat","7",2025-07-05,"15:36:26",375,36,411,0.087,0.096,"50 a",0
"50","b","low","k","uninoc","old","control","heat","7",2025-07-05,"15:36:35",274,350,624,0.56,1.277,"50 b",0
"51","a","high","i","inoc","new","control","heat","7",2025-07-05,"15:36:46",573,60,633,0.094,0.104,"51 a",0
"51","b","high","i","inoc","old","control","heat","7",2025-07-05,"15:37:00",211,349,560,0.623,1.654,"51 b",0
"52","a","low","k","uninoc","old","control","heat","7",2025-07-05,"15:37:10",438,289,727,0.397,0.659,"52 a",0
"52","b","low","k","uninoc","old","control","heat","7",2025-07-05,"15:37:20",264,490,754,0.649,1.856,"52 b",0
"53","a","low","k","uninoc","new","control","heat","7",2025-07-05,"15:37:31",459,325,784,0.414,0.708,"53 a",0
"53","b","low","k","uninoc","old","control","heat","7",2025-07-05,"15:37:41",157,91,248,0.366,0.579,"53 b",0
"54","a","high","g","uninoc","new","control","heat","7",2025-07-05,"15:37:50",375,125,500,0.25,0.333,"54 a",0
"54","b","high","g","uninoc","old","control","heat","7",2025-07-05,"15:38:00",84,18,102,0.176,0.214,"54 b",0
"55","a","high","h","uninoc","new","control","heat","7",2025-07-05,"15:38:13",637,0,637,0,0,"55 a",0
"55","b","high","h","uninoc","old","control","heat","7",2025-07-05,"15:38:24",616,125,741,0.168,0.202,"55 b",0
"56","a","low","m","inoc","old","control","heat","7",2025-07-05,"15:38:35",248,194,442,0.438,0.782,"56 a",0
"56","b","low","m","inoc","old","control","heat","7",2025-07-05,"15:38:43",342,227,569,0.398,0.663,"56 b",0
"57","a","high","g","uninoc","old","control","heat","7",2025-07-05,"15:38:52",497,169,666,0.253,0.34,"57 a",0
"57","b","high","g","uninoc","old","control","heat","7",2025-07-05,"15:39:01",244,172,416,0.413,0.704,"57 b",0
"11","a","high","j","uninoc","new","high","heat","rec1",2025-07-06,"13:40:38",247,732,979,0.747,2.963,"11 a",1
"11","b","high","j","uninoc","old","high","heat","rec1",2025-07-06,"13:40:45",158,465,623,0.746,2.943,"11 b",1
"12","a","low","k","inoc","new","high","heat","rec1",2025-07-06,"13:40:53",295,119,414,0.287,0.403,"12 a",1
"12","b","low","k","inoc","old","high","heat","rec1",2025-07-06,"13:41:02",196,472,668,0.706,2.408,"12 b",1
"13","a","low","k","uninoc","new","high","heat","rec1",2025-07-06,"13:41:11",241,561,802,0.699,2.327,"13 a",1
"13","b","low","k","uninoc","old","high","heat","rec1",2025-07-06,"13:41:21",233,376,609,0.617,1.613,"13 b",1
"14","a","low","k","inoc","new","high","heat","rec1",2025-07-06,"13:41:31",190,41,231,0.177,0.215,"14 a",1
"14","b","low","k","inoc","old","high","heat","rec1",2025-07-06,"13:42:08",121,236,357,0.661,1.95,"14 b",1
"15","a","low","k","uninoc","new","high","heat","rec1",2025-07-06,"13:42:18",152,69,221,0.312,0.453,"15 a",1
"15","b","low","k","uninoc","old","high","heat","rec1",2025-07-06,"13:42:34",205,704,909,0.774,3.434,"15 b",1
"16","a","high","i","inoc","new","high","heat","rec1",2025-07-06,"13:42:47",210,403,613,0.657,1.919,"16 a",1
"16","b","high","i","inoc","old","high","heat","rec1",2025-07-06,"13:42:57",309,980,1289,0.76,3.171,"16 b",1
"17","a","low","k","uninoc","new","high","heat","rec1",2025-07-06,"13:43:06",104,178,282,0.631,1.711,"17 a",1
"17","b","low","k","uninoc","old","high","heat","rec1",2025-07-06,"13:43:14",142,249,391,0.636,1.753,"17 b",1
"18","a","high","g","uninoc","new","high","heat","rec1",2025-07-06,"13:43:22",166,346,512,0.675,2.084,"18 a",1
"18","b","high","g","uninoc","old","high","heat","rec1",2025-07-06,"13:43:32",201,526,727,0.723,2.616,"18 b",1
"19","a","low","h","inoc","new","high","heat","rec1",2025-07-06,"13:43:43",124,143,267,0.535,1.153,"19 a",1
"19","b","low","h","inoc","old","high","heat","rec1",2025-07-06,"13:43:54",129,309,438,0.705,2.395,"19 b",1
"20","a","high","g","uninoc","old","mod","heat","rec1",2025-07-06,"13:44:16",63,59,122,0.483,0.936,"20 a",1
"20","b","high","g","uninoc","old","mod","heat","rec1",2025-07-06,"13:44:31",78,170,248,0.685,2.179,"20 b",1
"21","a","high","h","uninoc","old","mod","heat","rec1",2025-07-06,"13:44:43",277,409,686,0.596,1.476,"21 a",1
"21","b","high","h","uninoc","old","mod","heat","rec1",2025-07-06,"13:44:51",182,492,674,0.729,2.703,"21 b",1
"22","a","high","h","inoc","new","mod","heat","rec1",2025-07-06,"13:45:03",259,230,489,0.47,0.888,"22 a",1
"22","b","high","h","inoc","old","mod","heat","rec1",2025-07-06,"13:45:14",257,417,674,0.618,1.622,"22 b",1
"23","a","high","j","uninoc","new","mod","heat","rec1",2025-07-06,"13:45:27",60,311,371,0.838,5.183,"23 a",1
"23","b","high","j","uninoc","old","mod","heat","rec1",2025-07-06,"13:45:38",167,528,695,0.759,3.161,"23 b",1
"24","a","high","i","inoc","new","mod","heat","rec1",2025-07-06,"13:45:54",263,388,651,0.596,1.475,"24 a",1
"24","b","high","i","inoc","new","mod","heat","rec1",2025-07-06,"13:46:05",211,491,702,0.699,2.327,"24 b",1
"25","a","high","h","uninoc","new","mod","heat","rec1",2025-07-06,"13:46:16",284,217,501,0.433,0.764,"25 a",1
"25","b","high","h","uninoc","old","mod","heat","rec1",2025-07-06,"13:46:41",141,334,475,0.703,2.368,"25 b",1
"26","a","low","k","uninoc","new","mod","heat","rec1",2025-07-06,"13:46:52",202,234,436,0.536,1.158,"26 a",1
"26","b","low","k","uninoc","old","mod","heat","rec1",2025-07-06,"13:47:00",190,634,824,0.769,3.336,"26 b",1
"27","a","high","i","uninoc","new","mod","heat","rec1",2025-07-06,"13:47:10",158,218,376,0.579,1.379,"27 a",1
"27","b","high","i","uninoc","old","mod","heat","rec1",2025-07-06,"13:47:23",133,366,499,0.733,2.751,"27 b",1
"28","a","low","k","inoc","new","mod","heat","rec1",2025-07-06,"13:47:33",233,180,413,0.435,0.772,"28 a",1
"28","b","low","k","inoc","old","mod","heat","rec1",2025-07-06,"13:47:45",104,67,171,0.391,0.644,"28 b",1
"48","a","low","k","uninoc","new","control","heat","rec1",2025-07-06,"13:48:03",54,33,87,0.379,0.611,"48 a",1
"48","b","low","k","uninoc","old","control","heat","rec1",2025-07-06,"13:48:13",248,145,393,0.368,0.584,"48 b",1
"49","a","low","k","inoc","new","control","heat","rec1",2025-07-06,"13:48:23",196,86,282,0.304,0.438,"49 a",1
"49","b","low","k","inoc","old","control","heat","rec1",2025-07-06,"13:48:35",357,332,689,0.481,0.929,"49 b",1
"50","a","low","k","uninoc","new","control","heat","rec1",2025-07-06,"13:48:50",300,277,577,0.48,0.923,"50 a",1
"50","b","low","k","uninoc","old","control","heat","rec1",2025-07-06,"13:48:59",151,76,227,0.334,0.503,"50 b",1
"51","a","high","i","inoc","new","control","heat","rec1",2025-07-06,"13:49:10",316,222,538,0.412,0.702,"51 a",1
"51","b","high","i","inoc","old","control","heat","rec1",2025-07-06,"13:49:21",161,504,665,0.757,3.13,"51 b",1
"52","a","low","k","uninoc","old","control","heat","rec1",2025-07-06,"13:49:35",90,129,219,0.589,1.433,"52 a",1
"52","b","low","k","uninoc","old","control","heat","rec1",2025-07-06,"13:49:46",209,635,844,0.752,3.038,"52 b",1
"53","a","low","k","uninoc","new","control","heat","rec1",2025-07-06,"13:49:56",274,279,553,0.504,1.018,"53 a",1
"53","b","low","k","uninoc","old","control","heat","rec1",2025-07-06,"13:50:05",349,360,709,0.507,1.031,"53 b",1
"54","a","high","g","uninoc","new","control","heat","rec1",2025-07-06,"13:50:15",253,107,360,0.297,0.422,"54 a",1
"54","b","high","g","uninoc","old","control","heat","rec1",2025-07-06,"13:50:27",112,55,167,0.329,0.491,"54 b",1
"55","a","high","h","uninoc","new","control","heat","rec1",2025-07-06,"13:50:37",148,73,221,0.33,0.493,"55 a",1
"55","b","high","h","uninoc","old","control","heat","rec1",2025-07-06,"13:50:48",249,498,747,0.666,2,"55 b",1
"56","a","low","m","inoc","old","control","heat","rec1",2025-07-06,"13:50:56",171,143,314,0.455,0.836,"56 a",1
"56","b","low","m","inoc","old","control","heat","rec1",2025-07-06,"13:51:05",171,272,443,0.613,1.59,"56 b",1
"57","a","high","g","uninoc","old","control","heat","rec1",2025-07-06,"13:51:14",142,36,178,0.202,0.253,"57 a",1
"57","b","high","g","uninoc","old","control","heat","rec1",2025-07-06,"13:51:24",217,497,714,0.696,2.29,"57 b",1
"11","a","high","j","uninoc","new","high","heat","rec2",2025-07-07,"13:11:45",240,855,1095,0.78,3.562,"11 a",2
"11","b","high","j","uninoc","old","high","heat","rec2",2025-07-07,"13:11:52",204,563,767,0.734,2.759,"11 b",2
"12","a","low","k","inoc","new","high","heat","rec2",2025-07-07,"13:12:01",260,214,474,0.451,0.823,"12 a",2
"12","b","low","k","inoc","old","high","heat","rec2",2025-07-07,"13:12:11",208,632,840,0.752,3.038,"12 b",2
"13","a","low","k","uninoc","new","high","heat","rec2",2025-07-07,"13:12:21",332,785,1117,0.702,2.364,"13 a",2
"13","b","low","k","uninoc","old","high","heat","rec2",2025-07-07,"13:12:29",201,466,667,0.698,2.318,"13 b",2
"14","a","low","k","inoc","new","high","heat","rec2",2025-07-07,"13:12:40",308,387,695,0.556,1.256,"14 a",2
"14","b","low","k","inoc","old","high","heat","rec2",2025-07-07,"13:12:50",209,432,641,0.673,2.066,"14 b",2
"15","a","low","k","uninoc","new","high","heat","rec2",2025-07-07,"13:12:59",183,230,413,0.556,1.256,"15 a",2
"15","b","low","k","uninoc","old","high","heat","rec2",2025-07-07,"13:13:12",206,653,859,0.76,3.169,"15 b",2
"16","a","high","i","inoc","new","high","heat","rec2",2025-07-07,"13:13:25",82,282,364,0.774,3.439,"16 a",2
"16","b","high","i","inoc","old","high","heat","rec2",2025-07-07,"13:13:34",214,738,952,0.775,3.448,"16 b",2
"17","a","low","k","uninoc","new","high","heat","rec2",2025-07-07,"13:13:43",312,577,889,0.649,1.849,"17 a",2
"17","b","low","k","uninoc","old","high","heat","rec2",2025-07-07,"13:13:52",190,497,687,0.723,2.615,"17 b",2
"18","a","high","g","uninoc","new","high","heat","rec2",2025-07-07,"13:14:02",254,654,908,0.72,2.574,"18 a",2
"18","b","high","g","uninoc","old","high","heat","rec2",2025-07-07,"13:14:13",187,509,696,0.731,2.721,"18 b",2
"19","a","low","h","inoc","new","high","heat","rec2",2025-07-07,"13:14:23",203,199,402,0.495,0.98,"19 a",2
"19","b","low","h","inoc","old","high","heat","rec2",2025-07-07,"13:14:36",307,490,797,0.614,1.596,"19 b",2
"20","a","high","g","uninoc","old","mod","heat","rec2",2025-07-07,"13:14:49",188,526,714,0.736,2.797,"20 a",2
"20","b","high","g","uninoc","old","mod","heat","rec2",2025-07-07,"13:14:58",117,96,213,0.45,0.82,"20 b",2
"21","a","high","h","uninoc","old","mod","heat","rec2",2025-07-07,"13:15:10",184,373,557,0.669,2.027,"21 a",2
"21","b","high","h","uninoc","old","mod","heat","rec2",2025-07-07,"13:15:20",126,328,454,0.722,2.603,"21 b",2
"22","a","high","h","inoc","new","mod","heat","rec2",2025-07-07,"13:15:29",121,179,300,0.596,1.479,"22 a",2
"22","b","high","h","inoc","old","mod","heat","rec2",2025-07-07,"13:15:39",254,691,945,0.731,2.72,"22 b",2
"23","a","high","j","uninoc","new","mod","heat","rec2",2025-07-07,"13:15:48",196,428,624,0.685,2.183,"23 a",2
"23","b","high","j","uninoc","old","mod","heat","rec2",2025-07-07,"13:15:57",142,452,594,0.76,3.183,"23 b",2
"24","a","high","i","inoc","new","mod","heat","rec2",2025-07-07,"13:16:06",256,594,850,0.698,2.32,"24 a",2
"24","b","high","i","inoc","new","mod","heat","rec2",2025-07-07,"13:16:14",187,517,704,0.734,2.764,"24 b",2
"25","a","high","h","uninoc","new","mod","heat","rec2",2025-07-07,"13:16:22",295,284,579,0.49,0.962,"25 a",2
"25","b","high","h","uninoc","old","mod","heat","rec2",2025-07-07,"13:16:32",96,100,196,0.51,1.041,"25 b",2
"26","a","low","k","uninoc","new","mod","heat","rec2",2025-07-07,"13:16:46",252,256,508,0.503,1.015,"26 a",2
"26","b","low","k","uninoc","old","mod","heat","rec2",2025-07-07,"13:16:54",163,518,681,0.76,3.177,"26 b",2
"27","a","high","i","uninoc","new","mod","heat","rec2",2025-07-07,"13:17:03",200,492,692,0.71,2.46,"27 a",2
"27","b","high","i","uninoc","old","mod","heat","rec2",2025-07-07,"13:17:11",238,340,578,0.588,1.428,"27 b",2
"28","a","low","k","inoc","new","mod","heat","rec2",2025-07-07,"13:17:23",214,261,475,0.549,1.219,"28 a",2
"28","b","low","k","inoc","old","mod","heat","rec2",2025-07-07,"13:17:31",259,258,517,0.499,0.996,"28 b",2
"48","a","low","k","uninoc","new","control","heat","rec2",2025-07-07,"13:17:40",303,458,761,0.601,1.511,"48 a",2
"48","b","low","k","uninoc","old","control","heat","rec2",2025-07-07,"13:17:53",225,628,853,0.736,2.791,"48 b",2
"49","a","low","k","inoc","new","control","heat","rec2",2025-07-07,"13:18:02",452,351,803,0.437,0.776,"49 a",2
"49","b","low","k","inoc","old","control","heat","rec2",2025-07-07,"13:18:10",330,627,957,0.655,1.9,"49 b",2
"50","a","low","k","uninoc","new","control","heat","rec2",2025-07-07,"13:18:23",177,218,395,0.551,1.231,"50 a",2
"50","b","low","k","uninoc","old","control","heat","rec2",2025-07-07,"13:18:33",184,242,426,0.568,1.315,"50 b",2
"51","a","high","i","inoc","new","control","heat","rec2",2025-07-07,"13:18:43",244,461,705,0.653,1.889,"51 a",2
"51","b","high","i","inoc","old","control","heat","rec2",2025-07-07,"13:18:53",139,592,731,0.809,4.258,"51 b",2
"52","a","low","k","uninoc","old","control","heat","rec2",2025-07-07,"13:19:03",230,218,448,0.486,0.947,"52 a",2
"52","b","low","k","uninoc","old","control","heat","rec2",2025-07-07,"13:19:12",240,770,1010,0.762,3.208,"52 b",2
"53","a","low","k","uninoc","new","control","heat","rec2",2025-07-07,"13:19:20",184,453,637,0.711,2.461,"53 a",2
"53","b","low","k","uninoc","old","control","heat","rec2",2025-07-07,"13:19:29",124,345,469,0.735,2.782,"53 b",2
"54","a","high","g","uninoc","new","control","heat","rec2",2025-07-07,"13:19:39",359,482,841,0.573,1.342,"54 a",2
"54","b","high","g","uninoc","old","control","heat","rec2",2025-07-07,"13:19:49",268,417,685,0.608,1.555,"54 b",2
"55","a","high","h","uninoc","new","control","heat","rec2",2025-07-07,"13:19:59",276,336,612,0.549,1.217,"55 a",2
"55","b","high","h","uninoc","old","control","heat","rec2",2025-07-07,"13:20:10",221,710,931,0.762,3.212,"55 b",2
"56","a","low","m","inoc","old","control","heat","rec2",2025-07-07,"13:20:22",196,427,623,0.685,2.178,"56 a",2
"56","b","low","m","inoc","old","control","heat","rec2",2025-07-07,"13:20:31",177,335,512,0.654,1.892,"56 b",2
"57","a","high","g","uninoc","old","control","heat","rec2",2025-07-07,"13:20:40",232,83,315,0.263,0.357,"57 a",2
"57","b","high","g","uninoc","old","control","heat","rec2",2025-07-07,"13:20:48",201,252,453,0.556,1.253,"57 b",2
"11","a","high","j","uninoc","new","high","heat","rec7",2025-07-11,"14:12:30",194,739,933,0.792,3.809,"11 a",7
"11","b","high","j","uninoc","old","high","heat","rec7",2025-07-11,"14:12:40",73,176,249,0.706,2.41,"11 b",7
"12","a","low","k","inoc","new","high","heat","rec7",2025-07-11,"14:12:50",132,141,273,0.516,1.068,"12 a",7
"12","b","low","k","inoc","old","high","heat","rec7",2025-07-11,"14:13:01",113,376,489,0.768,3.327,"12 b",7
"13","a","low","k","uninoc","new","high","heat","rec7",2025-07-11,"14:13:12",102,164,266,0.616,1.607,"13 a",7
"13","b","low","k","uninoc","old","high","heat","rec7",2025-07-11,"14:13:23",223,863,1086,0.794,3.869,"13 b",7
"14","a","low","k","inoc","new","high","heat","rec7",2025-07-11,"14:13:32",214,483,697,0.692,2.257,"14 a",7
"14","b","low","k","inoc","old","high","heat","rec7",2025-07-11,"14:13:41",64,315,379,0.831,4.921,"14 b",7
"15","a","low","k","uninoc","new","high","heat","rec7",2025-07-11,"14:13:51",142,371,513,0.723,2.612,"15 a",7
"15","b","low","k","uninoc","old","high","heat","rec7",2025-07-11,"14:13:59",106,351,457,0.768,3.311,"15 b",7
"16","a","high","i","inoc","new","high","heat","rec7",2025-07-11,"14:14:12",192,909,1101,0.825,4.734,"16 a",7
"16","b","high","i","inoc","old","high","heat","rec7",2025-07-11,"14:14:24",143,659,802,0.821,4.608,"16 b",7
"17","a","low","k","uninoc","new","high","heat","rec7",2025-07-11,"14:14:33",94,220,314,0.7,2.34,"17 a",7
"17","b","low","k","uninoc","old","high","heat","rec7",2025-07-11,"14:14:44",139,514,653,0.787,3.697,"17 b",7
"18","a","high","g","uninoc","new","high","heat","rec7",2025-07-11,"14:14:54",92,338,430,0.786,3.673,"18 a",7
"18","b","high","g","uninoc","old","high","heat","rec7",2025-07-11,"14:15:03",147,583,730,0.798,3.965,"18 b",7
"19","a","low","h","inoc","new","high","heat","rec7",2025-07-11,"14:15:14",154,290,444,0.653,1.883,"19 a",7
"19","b","low","h","inoc","old","high","heat","rec7",2025-07-11,"14:15:23",97,44,141,0.312,0.453,"19 b",7
"20","a","high","g","uninoc","old","mod","heat","rec7",2025-07-11,"14:15:53",108,250,358,0.698,2.314,"20 a",7
"20","b","high","g","uninoc","old","mod","heat","rec7",2025-07-11,"14:16:05",110,239,349,0.684,2.172,"20 b",7
"21","a","high","h","uninoc","old","mod","heat","rec7",2025-07-11,"14:16:14",69,169,238,0.71,2.449,"21 a",7
"21","b","high","h","uninoc","old","mod","heat","rec7",2025-07-11,"14:16:23",157,279,436,0.639,1.777,"21 b",7
"22","a","high","h","inoc","new","mod","heat","rec7",2025-07-11,"14:16:36",171,623,794,0.784,3.643,"22 a",7
"22","b","high","h","inoc","old","mod","heat","rec7",2025-07-11,"14:16:46",62,203,265,0.766,3.274,"22 b",7
"23","a","high","j","uninoc","new","mod","heat","rec7",2025-07-11,"14:16:59",125,43,168,0.255,0.344,"23 a",7
"23","b","high","j","uninoc","old","mod","heat","rec7",2025-07-11,"14:17:10",195,672,867,0.775,3.446,"23 b",7
"24","a","high","i","inoc","new","mod","heat","rec7",2025-07-11,"14:17:20",53,206,259,0.795,3.886,"24 a",7
"24","b","high","i","inoc","new","mod","heat","rec7",2025-07-11,"14:17:29",111,365,476,0.766,3.288,"24 b",7
"25","a","high","h","uninoc","new","mod","heat","rec7",2025-07-11,"14:17:39",236,735,971,0.756,3.114,"25 a",7
"25","b","high","h","uninoc","old","mod","heat","rec7",2025-07-11,"14:18:01",86,238,324,0.734,2.767,"25 b",7
"26","a","low","k","uninoc","new","mod","heat","rec7",2025-07-11,"14:18:10",215,458,673,0.68,2.13,"26 a",7
"26","b","low","k","uninoc","old","mod","heat","rec7",2025-07-11,"14:18:21",89,157,246,0.638,1.764,"26 b",7
"27","a","high","i","uninoc","new","mod","heat","rec7",2025-07-11,"14:18:30",164,662,826,0.801,4.036,"27 a",7
"27","b","high","i","uninoc","old","mod","heat","rec7",2025-07-11,"14:18:56",130,172,302,0.569,1.323,"27 b",7
"28","a","low","k","inoc","new","mod","heat","rec7",2025-07-11,"14:19:13",152,404,556,0.726,2.657,"28 a",7
"28","b","low","k","inoc","old","mod","heat","rec7",2025-07-11,"14:19:22",194,440,634,0.694,2.268,"28 b",7
"48","a","low","k","uninoc","new","control","heat","rec7",2025-07-11,"14:26:46",185,424,609,0.696,2.291,"48 a",7
"48","b","low","k","uninoc","old","control","heat","rec7",2025-07-11,"14:26:56",213,826,1039,0.794,3.877,"48 b",7
"49","a","low","k","inoc","new","control","heat","rec7",2025-07-11,"14:27:05",141,49,190,0.257,0.347,"49 a",7
"49","b","low","k","inoc","old","control","heat","rec7",2025-07-11,"14:27:18",216,500,716,0.698,2.314,"49 b",7
"50","a","low","k","uninoc","new","control","heat","rec7",2025-07-11,"14:27:31",158,561,719,0.78,3.55,"50 a",7
"50","b","low","k","uninoc","old","control","heat","rec7",2025-07-11,"14:27:40",80,344,424,0.811,4.3,"50 b",7
"51","a","high","i","inoc","new","control","heat","rec7",2025-07-11,"14:27:50",51,123,174,0.706,2.411,"51 a",7
"51","b","high","i","inoc","old","control","heat","rec7",2025-07-11,"14:27:58",139,506,645,0.784,3.64,"51 b",7
"52","a","low","k","uninoc","old","control","heat","rec7",2025-07-11,"14:28:07",155,426,581,0.733,2.748,"52 a",7
"52","b","low","k","uninoc","old","control","heat","rec7",2025-07-11,"14:28:17",121,405,526,0.769,3.347,"52 b",7
"53","a","low","k","uninoc","new","control","heat","rec7",2025-07-11,"14:28:27",293,678,971,0.698,2.313,"53 a",7
"53","b","low","k","uninoc","old","control","heat","rec7",2025-07-11,"14:28:37",175,130,305,0.426,0.742,"53 b",7
"54","a","high","g","uninoc","new","control","heat","rec7",2025-07-11,"14:28:46",157,362,519,0.697,2.305,"54 a",7
"54","b","high","g","uninoc","old","control","heat","rec7",2025-07-11,"14:28:54",196,489,685,0.713,2.494,"54 b",7
"55","a","high","h","uninoc","new","control","heat","rec7",2025-07-11,"14:29:03",185,503,688,0.731,2.718,"55 a",7
"55","b","high","h","uninoc","old","control","heat","rec7",2025-07-11,"14:29:11",137,374,511,0.731,2.729,"55 b",7
"56","a","low","m","inoc","old","control","heat","rec7",2025-07-11,"14:29:19",62,130,192,0.677,2.096,"56 a",7
"56","b","low","m","inoc","old","control","heat","rec7",2025-07-11,"14:29:30",208,327,535,0.611,1.572,"56 b",7
"57","a","high","g","uninoc","old","control","heat","rec7",2025-07-11,"14:30:13",66,91,157,0.579,1.378,"57 a",7
"57","b","high","g","uninoc","old","control","heat","rec7",2025-07-11,"14:30:22",141,37,178,0.207,0.262,"57 b",7
