"Seed_ID","Fv_Fm_Max","D50","D50.uci","D50.lci","Dcrit","Dcrit.uci","Dcrit.lci","D15","D15.uci","D15.lci","R2","Seedling_ID","ID2","Elev","Genotype","Micro","Needle_age","Prev_trmt","Trmt_2"
"11 a",0.828766776219824,7.88,9.24,5.85,1.84,6.73,0.05,4.65,5.11,3.86,0.929066119733454,11,"a","high","j","uninoc","new","high","heat"
"11 b",0.851801972633314,6.11,6.4,5.91,2.45,2.92,1.23,4.25,4.49,3.83,0.980750733220588,11,"b","high","j","uninoc","old","high","heat"
"12 a",0.650764885468259,5.47,5.92,4.83,0.25,0.88,-0.38,2.57,3.21,1.77,0.943099937479255,12,"a","low","k","inoc","new","high","heat"
"12 b",NA,NA,NA,NA,NA,NA,NA,NA,NA,NA,NA,12,"b","low","k","inoc","old","high","heat"
"13 a",0.742771045549242,9.77,13.51,8.22,2.12,4.15,-2.77,6.36,7.15,5.83,0.946732916849703,13,"a","low","k","uninoc","new","high","heat"
"13 b",NA,NA,NA,NA,NA,NA,NA,NA,NA,NA,NA,13,"b","low","k","uninoc","old","high","heat"
"14 a",0.84945540889351,5.41,5.78,5.13,0.37,3.03,-0.4,2.18,2.93,1.05,0.974572744461009,14,"a","low","k","inoc","new","high","heat"
"14 b",0.881929628742312,6.71,7,5.6,1.33,6.7,-0.06,3.95,4.4,3.42,0.957961213022972,14,"b","low","k","inoc","old","high","heat"
"15 a",0.772883940300956,4.95,5.34,4.29,0.82,4.97,-0.25,2.67,3.35,1.1,0.911038830537736,15,"a","low","k","uninoc","new","high","heat"
"15 b",0.797353206824014,7.64,10.93,7.19,2.34,6.07,-1.27,4.85,5.33,4.54,0.980270304882194,15,"b","low","k","uninoc","old","high","heat"
"16 a",0.818870497761643,9.59,11.69,8.33,0.83,4.48,-0.26,5.17,5.44,4.86,0.976865809234061,16,"a","high","i","inoc","new","high","heat"
"16 b",1.04442615093697,7.41,14.61,5.2,1.2,3.44,-0.24,4.34,7.37,2.72,0.294747579717531,16,"b","high","i","inoc","old","high","heat"
"17 a",0.713728799298448,4.1,4.72,3.67,2.39,4.04,1.64,2.96,3.49,1.84,0.984148165006072,17,"a","low","k","uninoc","new","high","heat"
"17 b",0.771929334878894,5.64,5.97,5.38,0.98,5.66,-0.27,2.99,3.7,1.76,0.96357721611572,17,"b","low","k","uninoc","old","high","heat"
"18 a",0.766966516076067,7.42,7.97,7.2,0.52,3.87,-2.12,4.03,4.29,3.66,0.995029545170162,18,"a","high","g","uninoc","new","high","heat"
"18 b",0.817842482693002,9.8,11.93,7.08,0.75,4.5,-0.49,5.07,5.78,4.49,0.903813081265573,18,"b","high","g","uninoc","old","high","heat"
"19 a",0.695087538459176,4.27,4.61,3.14,2.15,4.35,1.54,2.84,3.49,0.97,0.974251121090854,19,"a","low","h","inoc","new","high","heat"
"19 b",0.963720973519266,7.67,9.14,5.08,0.34,1.04,-0.46,3.82,5.01,2.98,0.649793050300251,19,"b","low","h","inoc","old","high","heat"
"20 a",0.91237419912771,10.63,15,7.93,1.88,7.02,-0.42,4.22,5.65,3.18,0.761318228520037,20,"a","high","g","uninoc","old","mod","heat"
"20 b",0.817917037328461,7.69,9.43,6.47,1.07,4.51,-0.45,4.16,4.88,3.41,0.942362615248565,20,"b","high","g","uninoc","old","mod","heat"
"21 a",0.907544945582371,7.66,9.65,5.02,1.33,6.83,-0.66,3.6,4.76,2.48,0.613220295481466,21,"a","high","h","uninoc","old","mod","heat"
"21 b",0.827931238162537,5.8,6.12,5.53,1.63,5.82,0.02,3.36,4.09,2.62,0.951421238249528,21,"b","high","h","uninoc","old","mod","heat"
"22 a",0.765320838547211,4.79,5.36,3.53,2.05,4.86,0.96,3.07,3.75,0.91,0.928292421723055,22,"a","high","h","inoc","new","mod","heat"
"22 b",0.851216834595118,4.69,5.4,4.19,1.42,4.23,0.01,2.97,3.58,1.83,0.918675372710912,22,"b","high","h","inoc","old","mod","heat"
"23 a",0.833354143057201,5.08,5.62,4.65,1.34,4.99,0.27,3.05,3.67,2.06,0.936615416769785,23,"a","high","j","uninoc","new","mod","heat"
"23 b",0.813576320533756,7.34,7.88,6.57,2.34,2.93,1.62,4.74,5.19,4.2,0.970870923124741,23,"b","high","j","uninoc","old","mod","heat"
"24 a",0.799749396293195,4.66,5.17,4.36,1.64,4.57,0.62,3.03,3.5,1.97,0.937029550697752,24,"a","high","i","inoc","new","mod","heat"
"24 b",0.95247522722607,13.25,20.47,6.95,1.18,6.89,-0.06,5.63,6.21,4.86,0.889988143547557,24,"b","high","i","inoc","new","mod","heat"
"25 a",0.623994715575858,5.67,6.18,5.04,2.17,3.05,0.76,3.91,4.66,2.22,0.880617310087024,25,"a","high","h","uninoc","new","mod","heat"
"25 b",0.801479461735653,6.62,7.27,5.68,1.39,6.57,-0.48,3.76,4.6,2.82,0.957709868272643,25,"b","high","h","uninoc","old","mod","heat"
"26 a",0.702808343509461,6.19,6.63,5.45,1.54,2.41,-0.63,3.96,4.77,2.43,0.894722718140213,26,"a","low","k","uninoc","new","mod","heat"
"26 b",NA,NA,NA,NA,NA,NA,NA,NA,NA,NA,NA,26,"b","low","k","uninoc","old","mod","heat"
"27 a",0.824290771553253,4.83,5.58,4.39,0.92,1.47,-0.16,2.72,3.6,1.52,0.90057239666333,27,"a","high","i","uninoc","new","mod","heat"
"27 b",NA,NA,NA,NA,NA,NA,NA,NA,NA,NA,NA,27,"b","high","i","uninoc","old","mod","heat"
"28 a",0.744381635123997,5.59,6.29,4.92,1.22,1.88,-0.05,3.31,4.19,2.17,0.881465215848065,28,"a","low","k","inoc","new","mod","heat"
"28 b",0.789239448923502,5.03,5.58,4.27,1.13,5.06,-0.1,2.79,3.79,1.22,0.939712815750249,28,"b","low","k","inoc","old","mod","heat"
"48 a",0.662785905964996,3.66,3.93,3.34,2.47,2.52,2.43,2.99,3.12,2.37,0.999460371743956,48,"a","low","k","uninoc","new","control","heat"
"48 b",0.80259077752661,6.73,6.88,6.39,2.29,2.62,1.66,4.41,4.63,4.07,0.987824631704046,48,"b","low","k","uninoc","old","control","heat"
"49 a",0.877680343466995,5.63,5.99,5.2,1.66,5.67,-0.13,2.2,3.16,1.27,0.938434112442301,49,"a","low","k","inoc","new","control","heat"
"49 b",0.907473528598775,5.92,6.32,5.51,1.55,5.88,-0.47,2.6,3.57,1.61,0.907267556201697,49,"b","low","k","inoc","old","control","heat"
"50 a",0.806899634617262,4.08,4.55,3.19,1.54,3.81,0.96,2.58,3.39,1,0.95695276327766,50,"a","low","k","uninoc","new","control","heat"
"50 b",NA,NA,NA,NA,NA,NA,NA,NA,NA,NA,NA,50,"b","low","k","uninoc","old","control","heat"
"51 a",0.782733792404605,4.72,5.19,4.3,2.26,4.54,1.71,3.38,3.9,2.79,0.981723744450969,51,"a","high","i","inoc","new","control","heat"
"51 b",0.934311671445375,9.78,14.68,6.19,1.1,6.71,0.01,4.67,5.59,3.98,0.85136264893258,51,"b","high","i","inoc","old","control","heat"
"52 a",0.810911882036778,7.08,8.21,5.68,0.89,6.53,-0.26,3.28,3.91,1.95,0.946674719419715,52,"a","low","k","uninoc","old","control","heat"
"52 b",0.789536002237713,11.59,16.53,8.49,1.38,3.3,0.08,6.66,6.98,6.14,0.930267683017619,52,"b","low","k","uninoc","old","control","heat"
"53 a",NA,NA,NA,NA,NA,NA,NA,NA,NA,NA,NA,53,"a","low","k","uninoc","new","control","heat"
"53 b",0.838069108430103,6.57,6.68,5.94,1.78,2.4,1.34,4.2,4.42,4,0.992262834486866,53,"b","low","k","uninoc","old","control","heat"
"54 a",0.798327427332538,4.56,5.74,3.82,0.45,1.15,-0.62,2.69,3.39,1.8,0.725275863311802,54,"a","high","g","uninoc","new","control","heat"
"54 b",0.771229215894685,4.99,5.3,4.66,0.95,2.74,-0.69,2.99,3.63,2.56,0.961959303991023,54,"b","high","g","uninoc","old","control","heat"
"55 a",0.739028468769104,3.11,3.68,2.47,2.63,2.67,2.54,2.48,3.06,1.54,0.999957351716796,55,"a","high","h","uninoc","new","control","heat"
"55 b",0.866855763351872,4.95,5.44,4.08,1.87,4.02,1.03,3.35,3.77,1.42,0.96435951399525,55,"b","high","h","uninoc","old","control","heat"
"56 a",0.849308230228504,7.69,8.61,6.85,0.62,6.7,-0.32,3.45,4.36,2.43,0.906835203096402,56,"a","low","m","inoc","old","control","heat"
"56 b",0.835950515264604,6.59,7.02,6.01,2.11,6.65,0.35,3.96,4.31,3.37,0.956845754895767,56,"b","low","m","inoc","old","control","heat"
"57 a",1.26330292614897,5.86,6.21,5.66,2.36,5.79,-0.29,2.29,3.39,1.45,0.812967187145311,57,"a","high","g","uninoc","old","control","heat"
"57 b",0.97419322712946,6.32,7.61,5.22,0.8,6.57,-0.04,2.77,3.28,1.96,0.879852603213735,57,"b","high","g","uninoc","old","control","heat"
