Seedling_ID,Needle_Age,Temperature,ECI,ECF,%EL
1,old,30,32.72,137.70,23.762
1,old,40,29.87,147.50,20.251
1,old,45,23.00,122.40,18.791
1,old,50,30.38,119.30,25.465
2,new,25,9.77,89.82,10.877
2,new,35,9.60,83.17,11.543
2,new,45,13.25,84.36,15.706
2,new,50,10.66,78.78,13.531
3,old,30,20.81,86.53,24.049
3,old,40,21.73,119.40,18.199
3,old,45,19.77,111.20,17.779
3,old,50,15.67,103.00,15.214
4,new,25,20.65,126.60,16.311
4,new,35,11.36,96.42,11.782
4,new,45,12.95,98.60,13.134
4,new,50,10.47,95.92,10.915
4,old,25,10.58,51.20,20.664
4,old,35,15.66,127.50,12.282
4,old,45,18.55,144.30,12.855
4,old,50,14.81,99.01,14.958
5,new,30,9.84,111.00,8.865
5,new,40,19.49,136.10,14.320
5,new,45,29.94,132.50,22.596
5,new,50,25.34,136.60,18.551
5,old,30,14.41,74.09,19.449
5,old,40,14.05,89.05,15.778
5,old,45,31.28,111.00,28.180
5,old,50,12.28,68.64,17.890
6,new,25,17.86,92.65,19.277
6,new,35,12.30,92.07,13.359
6,new,45,14.33,111.40,12.864
6,new,50,30.86,123.40,25.008
6,old,25,48.61,109.00,44.596
6,old,35,12.73,74.57,17.071
6,old,45,15.36,102.90,14.927
6,old,50,12.10,82.03,14.751
7,new,30,22.63,149.50,15.137
7,new,40,29.91,139.60,21.426
7,new,45,18.73,131.50,14.243
7,new,50,20.24,132.70,15.252
7,old,30,31.92,123.70,25.804
7,old,40,35.40,188.40,18.790
7,old,45,26.77,152.70,17.531
7,old,50,23.31,140.00,16.650
8,new,25,16.10,127.80,12.598
8,new,35,12.25,127.20,9.631
8,new,45,24.54,112.40,21.833
8,new,50,16.47,116.20,14.174
8,old,25,19.63,81.54,24.074
8,old,35,16.56,111.60,14.839
8,old,45,21.71,171.60,12.652
8,old,50,11.40,84.70,13.459
9,new,30,11.89,48.85,24.340
9,new,40,17.31,57.00,30.368
9,new,45,16.33,54.41,30.013
9,new,50,11.65,53.00,21.981
9,old,30,12.37,47.56,26.009
9,old,40,14.71,75.78,19.411
9,old,45,18.13,62.33,29.087
9,old,50,16.07,72.80,22.074
10,new,25,14.54,71.25,20.407
10,new,35,9.83,58.04,16.937
10,new,45,9.81,74.75,13.124
10,new,50,10.05,75.53,13.306
11,new,30,18.08,132.90,13.604
11,new,40,20.51,118.30,17.337
11,new,45,18.13,120.40,15.058
11,new,50,23.03,124.60,18.483
11,old,30,24.91,126.40,19.707
11,old,40,23.53,129.20,18.212
11,old,45,19.86,99.25,20.010
11,old,50,14.82,100.70,14.717
12,new,25,11.57,87.90,13.163
12,new,35,11.48,81.86,14.024
12,new,45,12.47,87.05,14.325
12,new,50,13.86,80.63,17.190
12,old,25,19.57,76.24,25.669
12,old,35,13.18,60.27,21.868
12,old,45,10.17,69.24,14.688
12,old,50,12.17,51.91,23.444
13,new,30,28.30,72.34,39.121
13,new,40,24.96,93.42,26.718
13,new,45,21.68,91.55,23.681
13,new,50,19.13,83.01,23.045
13,old,30,24.62,159.40,15.445
13,old,40,19.93,124.60,15.995
13,old,45,19.74,159.70,12.361
13,old,50,14.43,79.77,18.090
14,new,25,8.78,61.77,14.214
14,new,35,7.47,63.59,11.747
14,new,45,7.44,53.95,13.791
14,new,50,8.21,57.78,14.209
14,old,25,15.81,64.93,24.349
14,old,35,15.23,74.21,20.523
14,old,45,11.13,76.12,14.622
14,old,50,13.23,81.61,16.211
15,new,30,20.81,102.70,20.263
15,new,40,14.13,100.90,14.004
15,new,45,29.51,110.40,26.730
15,new,50,18.27,99.37,18.386
15,old,30,12.74,71.57,17.801
15,old,40,15.52,91.47,16.967
15,old,45,13.53,71.39,18.952
15,old,50,16.12,89.11,18.090
16,new,25,25.24,125.20,20.160
16,new,35,23.00,140.00,16.429
16,new,45,41.63,203.10,20.497
16,new,50,41.68,159.50,26.132
16,old,25,30.87,110.70,27.886
16,old,35,16.76,93.64,17.898
16,old,45,18.19,112.40,16.183
16,old,50,24.48,130.20,18.802
17,new,30,11.65,104.80,11.116
17,new,40,16.15,120.30,13.425
17,new,45,17.48,109.00,16.037
17,new,50,15.55,108.60,14.319
17,old,30,16.45,111.20,14.793
17,old,40,14.32,86.34,16.586
17,old,45,15.22,113.10,13.457
17,old,50,20.13,122.90,16.379
18,new,25,8.40,81.35,10.326
18,new,35,7.58,76.10,9.961
18,new,45,9.07,97.01,9.350
18,new,50,8.85,73.48,12.044
18,old,25,33.33,132.60,25.136
18,old,35,17.03,111.50,15.274
18,old,45,13.10,108.50,12.074
18,old,50,14.04,112.80,12.447
19,new,30,12.89,93.54,13.780
19,new,40,12.00,86.47,13.878
19,new,45,15.46,110.40,14.004
19,new,50,7.16,63.87,11.210
19,old,30,12.67,82.79,15.304
19,old,40,13.64,73.15,18.647
19,old,45,14.79,74.28,19.911
19,old,50,12.62,67.42,18.718
20,old,25,26.81,78.81,34.019
20,old,35,20.26,89.37,22.670
21,old,30,20.00,63.26,31.616
21,old,40,12.86,72.52,17.733
22,new,25,26.86,96.46,27.846
22,new,35,26.24,104.50,25.110
22,old,25,29.15,147.60,19.749
22,old,35,27.98,93.84,29.817
23,new,30,17.69,93.18,18.985
23,new,40,25.53,124.80,20.457
23,old,30,21.53,91.94,23.417
23,old,40,22.08,125.00,17.664
24,new,25,11.35,50.92,22.290
24,new,35,8.33,48.79,17.073
25,new,30,10.64,100.70,10.566
25,new,40,16.81,115.70,14.529
25,old,30,21.28,60.21,35.343
25,old,40,18.38,87.85,20.922
26,new,25,7.19,109.70,6.554
26,new,35,16.87,118.60,14.224
26,old,25,23.76,67.28,35.315
26,old,35,13.71,67.18,20.408
27,new,30,76.98,172.30,44.678
27,new,40,94.57,146.00,64.774
27,old,30,38.92,95.36,40.814
27,old,40,15.87,89.60,17.712
28,new,25,14.47,66.66,21.707
28,new,35,10.83,65.25,16.598
28,old,25,23.52,82.99,28.341
28,old,35,29.42,121.30,24.254
29,new,30,55.88,106.60,52.420
29,new,40,50.01,118.80,42.096
29,old,30,17.75,103.10,17.216
29,old,40,21.95,111.20,19.739
30,new,25,12.14,109.80,11.056
30,new,35,41.81,154.70,27.027
30,old,25,23.71,115.10,20.599
30,old,35,27.62,127.70,21.629
31,new,30,12.87,88.57,14.531
31,new,40,17.17,102.70,16.719
31,old,30,11.67,72.54,16.088
31,old,40,16.98,89.04,19.070
32,new,25,10.40,81.40,12.776
32,new,35,9.93,79.07,12.558
32,old,25,12.00,8.56,140.187
32,old,35,15.49,80.75,19.183
33,new,30,14.47,130.10,11.122
33,new,40,18.10,135.00,13.407
33,old,30,13.63,96.58,14.113
33,old,40,19.17,102.60,18.684
34,old,25,19.77,92.58,21.355
34,old,35,14.52,92.20,15.748
35,new,30,9.08,58.45,15.535
35,new,40,9.31,60.11,15.488
35,old,30,31.77,186.90,16.998
35,old,40,21.13,117.80,17.937
36,new,25,22.38,96.66,23.153
36,new,35,11.60,105.70,10.974
36,old,25,30.42,82.75,36.761
36,old,35,23.91,95.58,25.016
37,new,30,14.69,130.80,11.231
37,new,40,13.10,105.10,12.464
37,old,30,16.29,99.52,16.369
37,old,40,17.48,21.02,83.159