Seedling_ID,ID2,Elev,Genotype,Micro,Needle_age,Prev_trmt,Trmt_2,Measurement,Date,Time,Fo,Fv,Fm,Fv/Fm,Fv/Fo
1,a,high,g,uninoc,old,high,control,0,Jul/04/2025,13:16:24,150,131,281,0.466,0.873
1,b,high,g,uninoc,old,high,control,0,Jul/04/2025,13:16:34,280,409,689,0.593,1.46
2,a,high,h,inoc,new,high,control,0,Jul/04/2025,13:16:45,132,406,538,0.754,3.075
2,b,high,h,inoc,new,high,control,0,Jul/04/2025,13:16:57,101,385,486,0.792,3.811
3,a,low,k,uninoc,old,high,control,0,Jul/04/2025,13:17:09,157,419,576,0.727,2.668
3,b,low,k,uninoc,old,high,control,0,Jul/04/2025,13:17:20,105,304,409,0.743,2.895
4,a,low,k,uninoc,new,high,control,0,Jul/04/2025,13:17:37,148,278,426,0.652,1.878
4,b,low,k,uninoc,old,high,control,0,Jul/04/2025,13:17:46,203,712,915,0.778,3.507
5,a,high,g,uninoc,new,high,control,0,Jul/04/2025,13:17:58,251,734,985,0.745,2.924
5,b,high,g,uninoc,old,high,control,0,Jul/04/2025,13:18:12,80,387,467,0.828,4.837
6,a,high,h,uninoc,old,high,control,0,Jul/04/2025,13:18:38,126,203,329,0.617,1.611
6,b,high,h,uninoc,new,high,control,0,Jul/04/2025,13:18:48,199,518,717,0.722,2.603
7,a,low,k,uninoc,new,high,control,0,Jul/04/2025,13:18:58,193,384,577,0.665,1.989
7,b,low,k,uninoc,old,high,control,0,Jul/04/2025,13:19:09,147,582,729,0.798,3.959
8,a,high,h,uninoc,new,high,control,0,Jul/04/2025,13:19:17,94,270,364,0.741,2.872
8,b,high,h,uninoc,old,high,control,0,Jul/04/2025,13:19:24,170,709,879,0.806,4.17
9,a,low,k,uninoc,new,high,control,0,Jul/04/2025,13:19:38,204,426,630,0.676,2.088
9,b,low,k,uninoc,old,high,control,0,Jul/04/2025,13:19:47,146,539,685,0.786,3.691
10,a,high,h,inoc,new,high,control,0,Jul/04/2025,13:19:58,190,728,918,0.793,3.831
10,b,high,h,inoc,new,high,control,0,Jul/04/2025,13:20:07,109,472,581,0.812,4.33
11,a,high,j,uninoc,new,high,heat,0,Jul/04/2025,13:20:18,159,593,752,0.788,3.729
11,b,high,j,uninoc,old,high,heat,0,Jul/04/2025,13:20:27,121,599,720,0.831,4.95
12,a,low,k,inoc,new,high,heat,0,Jul/04/2025,13:20:37,236,324,560,0.578,1.372
12,b,low,k,inoc,old,high,heat,0,Jul/04/2025,13:20:46,79,282,361,0.781,3.569
13,a,low,k,uninoc,new,high,heat,0,Jul/04/2025,13:21:08,200,566,766,0.738,2.83
13,b,low,k,uninoc,old,high,heat,0,Jul/04/2025,13:21:43,103,115,218,0.527,1.116
14,a,low,k,inoc,new,high,heat,0,Jul/04/2025,13:21:53,119,423,542,0.78,3.554
14,b,low,k,inoc,old,high,heat,0,Jul/04/2025,13:22:04,116,580,696,0.833,5
15,a,low,k,uninoc,new,high,heat,0,Jul/04/2025,13:22:20,113,274,387,0.708,2.424
15,b,low,k,uninoc,old,high,heat,0,Jul/04/2025,13:22:28,94,370,464,0.797,3.936
16,a,high,i,inoc,new,high,heat,0,Jul/04/2025,13:22:41,165,617,782,0.789,3.739
16,b,high,i,inoc,old,high,heat,0,Jul/04/2025,13:22:54,136,752,888,0.846,5.529
17,a,low,k,uninoc,new,high,heat,0,Jul/04/2025,13:23:04,176,393,569,0.69,2.232
17,b,low,k,uninoc,old,high,heat,0,Jul/04/2025,13:23:14,162,416,578,0.719,2.567
18,a,high,g,uninoc,new,high,heat,0,Jul/04/2025,13:23:25,115,345,460,0.75,3
18,b,high,g,uninoc,old,high,heat,0,Jul/04/2025,13:23:34,106,346,452,0.765,3.264
19,a,low,h,inoc,new,high,heat,0,Jul/04/2025,13:23:45,130,259,389,0.665,1.992
19,b,low,h,inoc,old,high,heat,0,Jul/04/2025,13:23:55,74,152,226,0.672,2.054
20,a,high,g,uninoc,old,mod,heat,0,Jul/04/2025,13:24:11,163,533,696,0.765,3.269
20,b,high,g,uninoc,old,mod,heat,0,Jul/04/2025,13:24:19,86,300,386,0.777,3.488
21,a,high,h,uninoc,old,mod,heat,0,Jul/04/2025,13:24:30,281,804,1085,0.741,2.861
21,b,high,h,uninoc,old,mod,heat,0,Jul/04/2025,13:24:45,129,469,598,0.784,3.635
22,a,high,h,inoc,new,mod,heat,0,Jul/04/2025,13:24:56,203,500,703,0.711,2.463
22,b,high,h,inoc,old,mod,heat,0,Jul/04/2025,13:25:08,271,1037,1308,0.792,3.826
23,a,high,j,uninoc,new,mod,heat,0,Jul/04/2025,13:25:18,143,497,640,0.776,3.475
23,b,high,j,uninoc,old,mod,heat,0,Jul/04/2025,13:25:29,211,786,997,0.788,3.725
24,a,high,i,inoc,new,mod,heat,0,Jul/04/2025,13:25:41,295,909,1204,0.754,3.081
24,b,high,i,inoc,new,mod,heat,0,Jul/04/2025,13:25:50,199,874,1073,0.814,4.391
25,a,high,h,uninoc,new,mod,heat,0,Jul/04/2025,13:26:01,212,273,485,0.562,1.287
25,b,high,h,uninoc,old,mod,heat,0,Jul/04/2025,13:26:21,147,476,623,0.764,3.238
26,a,low,k,uninoc,new,mod,heat,0,Jul/04/2025,13:27:08,218,403,621,0.648,1.848
26,b,low,k,uninoc,old,mod,heat,0,Jul/04/2025,13:27:17,154,486,640,0.759,3.155
27,a,high,i,uninoc,new,mod,heat,0,Jul/04/2025,13:27:34,100,313,413,0.757,3.13
27,b,high,i,uninoc,old,mod,heat,0,Jul/04/2025,13:27:51,248,979,1227,0.797,3.947
28,a,low,k,inoc,new,mod,heat,0,Jul/04/2025,13:28:00,81,171,252,0.678,2.111
28,b,low,k,inoc,old,mod,heat,0,Jul/04/2025,13:28:13,218,601,819,0.733,2.756
29,a,low,k,uninoc,new,mod,control,0,Jul/04/2025,13:28:31,256,474,730,0.649,1.851
29,b,low,k,uninoc,old,mod,control,0,Jul/04/2025,13:28:39,190,607,797,0.761,3.194
30,a,low,k,uninoc,new,mod,control,0,Jul/04/2025,13:29:21,167,363,530,0.684,2.173
30,b,low,k,uninoc,old,mod,control,0,Jul/04/2025,13:29:31,258,812,1070,0.758,3.147
31,a,low,k,uninoc,new,mod,control,0,Jul/04/2025,13:29:41,193,466,659,0.707,2.414
31,b,low,k,uninoc,old,mod,control,0,Jul/04/2025,13:29:50,221,800,1021,0.783,3.619
32,a,low,k,uninoc,new,mod,control,0,Jul/04/2025,13:30:03,210,355,565,0.628,1.69
32,b,low,k,uninoc,old,mod,control,0,Jul/04/2025,13:30:12,282,839,1121,0.748,2.975
33,a,low,l,inoc,new,mod,control,0,Jul/04/2025,13:30:25,282,618,900,0.686,2.191
33,b,low,l,inoc,old,mod,control,0,Jul/04/2025,13:30:36,127,239,366,0.653,1.881
34,a,high,j,uninoc,old,mod,control,0,Jul/04/2025,13:30:47,294,782,1076,0.726,2.659
34,b,high,j,uninoc,old,mod,control,0,Jul/04/2025,13:30:57,90,203,293,0.692,2.255
35,a,low,k,uninoc,new,mod,control,0,Jul/04/2025,13:31:07,157,541,698,0.775,3.445
35,b,low,k,uninoc,old,mod,control,0,Jul/04/2025,13:31:16,247,979,1226,0.798,3.963
36,a,high,g,uninoc,new,mod,control,0,Jul/04/2025,13:31:28,252,525,777,0.675,2.083
36,b,high,g,uninoc,old,mod,control,0,Jul/04/2025,13:31:38,148,488,636,0.767,3.297
37,a,low,k,uninoc,new,mod,control,0,Jul/04/2025,13:31:49,187,404,591,0.683,2.16
37,b,low,k,uninoc,old,mod,control,0,Jul/04/2025,13:31:58,199,734,933,0.786,3.688
38,a,high,h,inoc,new,control,control,0,Jul/04/2025,13:32:12,181,491,672,0.73,2.712
38,b,high,h,inoc,old,control,control,0,Jul/04/2025,13:32:20,137,581,718,0.809,4.24
39,a,high,j,inoc,new,control,control,0,Jul/04/2025,13:32:29,223,884,1107,0.798,3.964
39,b,high,j,inoc,old,control,control,0,Jul/04/2025,13:32:54,210,753,963,0.781,3.585
40,a,low,n,inoc,new,control,control,0,Jul/04/2025,13:33:05,142,423,565,0.748,2.978
40,b,low,n,inoc,old,control,control,0,Jul/04/2025,13:33:19,84,323,407,0.793,3.845
41,a,low,k,uninoc,new,control,control,0,Jul/04/2025,13:33:36,165,480,645,0.744,2.909
41,b,low,k,uninoc,old,control,control,0,Jul/04/2025,13:33:48,114,554,668,0.829,4.859
42,a,high,g,uninoc,new,control,control,0,Jul/04/2025,13:33:57,246,775,1021,0.759,3.15
42,b,high,g,uninoc,old,control,control,0,Jul/04/2025,13:34:08,234,831,1065,0.78,3.551
43,a,high,h,uninoc,old,control,control,0,Jul/04/2025,13:34:20,194,691,885,0.78,3.561
43,b,high,h,uninoc,old,control,control,0,Jul/04/2025,13:34:31,190,691,881,0.784,3.636
44,a,high,h,uninoc,old,control,control,0,Jul/04/2025,13:34:43,158,605,763,0.792,3.829
44,b,high,h,uninoc,old,control,control,0,Jul/04/2025,13:34:53,200,819,1019,0.803,4.095
45,a,low,k,uninoc,new,control,control,0,Jul/04/2025,13:35:01,149,355,504,0.704,2.382
45,b,low,k,uninoc,old,control,control,0,Jul/04/2025,13:35:09,152,640,792,0.808,4.21
46,a,low,k,uninoc,new,control,control,0,Jul/04/2025,13:35:18,78,226,304,0.743,2.897
46,b,low,k,uninoc,old,control,control,0,Jul/04/2025,13:35:27,213,746,959,0.777,3.502
47,a,high,j,uninoc,old,control,control,0,Jul/04/2025,13:35:36,225,719,944,0.761,3.195
47,b,high,j,uninoc,old,control,control,0,Jul/04/2025,13:35:44,218,628,846,0.742,2.88
48,a,low,k,uninoc,new,control,heat,0,Jul/04/2025,13:35:54,191,372,563,0.66,1.947
48,b,low,k,uninoc,old,control,heat,0,Jul/04/2025,13:36:04,93,326,419,0.778,3.505
49,a,low,k,inoc,new,control,heat,0,Jul/04/2025,13:36:23,118,322,440,0.731,2.728
49,b,low,k,inoc,old,control,heat,0,Jul/04/2025,13:36:35,145,567,712,0.796,3.91
50,a,low,k,uninoc,new,control,heat,0,Jul/04/2025,13:36:45,113,374,487,0.767,3.309
50,b,low,k,uninoc,old,control,heat,0,Jul/04/2025,13:36:57,89,329,418,0.787,3.696
51,a,high,i,inoc,new,control,heat,0,Jul/04/2025,13:37:10,150,451,601,0.75,3.006
51,b,high,i,inoc,old,control,heat,0,Jul/04/2025,13:37:25,172,765,937,0.816,4.447
52,a,low,k,uninoc,old,control,heat,0,Jul/04/2025,13:37:35,304,814,1118,0.728,2.677
52,b,low,k,uninoc,old,control,heat,0,Jul/04/2025,13:37:44,209,679,888,0.764,3.248
53,a,low,k,uninoc,new,control,heat,0,Jul/04/2025,13:37:53,172,476,648,0.734,2.767
53,b,low,k,uninoc,old,control,heat,0,Jul/04/2025,13:38:02,157,698,855,0.816,4.445
54,a,high,g,uninoc,new,control,heat,0,Jul/04/2025,13:38:14,169,386,555,0.695,2.284
54,b,high,g,uninoc,old,control,heat,0,Jul/04/2025,13:38:26,54,168,222,0.756,3.111
55,a,high,h,uninoc,new,control,heat,0,Jul/04/2025,13:38:51,90,255,345,0.739,2.833
55,b,high,h,uninoc,old,control,heat,0,Jul/04/2025,13:39:01,218,1021,1239,0.824,4.683
56,a,low,m,inoc,old,control,heat,0,Jul/04/2025,13:39:12,153,441,594,0.742,2.882
56,b,low,m,inoc,old,control,heat,0,Jul/04/2025,13:39:22,133,508,641,0.792,3.819
57,a,high,g,uninoc,old,control,heat,0,Jul/04/2025,13:39:32,90,158,248,0.637,1.755
57,b,high,g,uninoc,old,control,heat,0,Jul/04/2025,13:39:48,160,484,644,0.751,3.025
11,a,high,j,uninoc,new,high,heat,3,Jul/05/2025,11:27:28,233,829,1062,0.78,3.557
11,b,high,j,uninoc,old,high,heat,3,Jul/05/2025,11:27:37,133,549,682,0.804,4.127
12,a,low,k,inoc,new,high,heat,3,Jul/05/2025,11:27:47,161,169,330,0.512,1.049
12,b,low,k,inoc,old,high,heat,3,Jul/05/2025,11:27:57,97,260,357,0.728,2.68
13,a,low,k,uninoc,new,high,heat,3,Jul/05/2025,11:28:07,197,514,711,0.722,2.609
13,b,low,k,uninoc,old,high,heat,3,Jul/05/2025,11:28:15,183,445,628,0.708,2.431
14,a,low,k,inoc,new,high,heat,3,Jul/05/2025,11:28:34,236,325,561,0.579,1.377
14,b,low,k,inoc,old,high,heat,3,Jul/05/2025,11:28:45,124,515,639,0.805,4.153
15,a,low,k,uninoc,new,high,heat,3,Jul/05/2025,11:28:55,145,305,450,0.677,2.103
15,b,low,k,uninoc,old,high,heat,3,Jul/05/2025,11:29:04,97,319,416,0.766,3.288
16,a,high,i,inoc,new,high,heat,3,Jul/05/2025,11:29:19,229,703,932,0.754,3.069
16,b,high,i,inoc,old,high,heat,3,Jul/05/2025,11:29:32,102,526,628,0.837,5.156
17,a,low,k,uninoc,new,high,heat,3,Jul/05/2025,11:29:42,211,366,577,0.634,1.734
17,b,low,k,uninoc,old,high,heat,3,Jul/05/2025,11:29:55,205,414,619,0.668,2.019
18,a,high,g,uninoc,new,high,heat,3,Jul/05/2025,11:30:04,42,93,135,0.688,2.214
18,b,high,g,uninoc,old,high,heat,3,Jul/05/2025,11:30:19,106,346,452,0.765,3.264
19,a,low,h,inoc,new,high,heat,3,Jul/05/2025,11:30:32,207,357,564,0.632,1.724
19,b,low,h,inoc,old,high,heat,3,Jul/05/2025,11:30:45,96,198,294,0.673,2.062
20,a,high,g,uninoc,old,mod,heat,3,Jul/05/2025,11:31:01,243,627,870,0.72,2.58
20,b,high,g,uninoc,old,mod,heat,3,Jul/05/2025,11:31:11,85,291,376,0.773,3.423
21,a,high,h,uninoc,old,mod,heat,3,Jul/05/2025,11:31:21,290,736,1026,0.717,2.537
21,b,high,h,uninoc,old,mod,heat,3,Jul/05/2025,11:31:30,144,476,620,0.767,3.305
22,a,high,h,inoc,new,mod,heat,3,Jul/05/2025,11:31:43,175,480,655,0.732,2.742
22,b,high,h,inoc,old,mod,heat,3,Jul/05/2025,11:31:53,293,1042,1335,0.78,3.556
23,a,high,j,uninoc,new,mod,heat,3,Jul/05/2025,11:32:04,178,519,697,0.744,2.915
23,b,high,j,uninoc,old,mod,heat,3,Jul/05/2025,11:32:15,225,786,1011,0.777,3.493
24,a,high,i,inoc,new,mod,heat,3,Jul/05/2025,11:32:25,352,910,1262,0.721,2.585
24,b,high,i,inoc,new,mod,heat,3,Jul/05/2025,11:32:35,204,742,946,0.784,3.637
25,a,high,h,uninoc,new,mod,heat,3,Jul/05/2025,11:32:44,282,550,832,0.661,1.95
25,b,high,h,uninoc,old,mod,heat,3,Jul/05/2025,11:32:54,112,307,419,0.732,2.741
26,a,low,k,uninoc,new,mod,heat,3,Jul/05/2025,11:33:06,288,637,925,0.688,2.211
26,b,low,k,uninoc,old,mod,heat,3,Jul/05/2025,11:33:15,157,455,612,0.743,2.898
27,a,high,i,uninoc,new,mod,heat,3,Jul/05/2025,11:33:40,191,501,692,0.723,2.623
27,b,high,i,uninoc,old,mod,heat,3,Jul/05/2025,11:33:51,277,874,1151,0.759,3.155
28,a,low,k,inoc,new,mod,heat,3,Jul/05/2025,11:34:01,111,272,383,0.71,2.45
28,b,low,k,inoc,old,mod,heat,3,Jul/05/2025,11:34:09,253,605,858,0.705,2.391
48,a,low,k,uninoc,new,control,heat,3,Jul/05/2025,11:34:19,275,380,655,0.58,1.381
48,b,low,k,uninoc,old,control,heat,3,Jul/05/2025,11:34:30,186,609,795,0.766,3.274
49,a,low,k,inoc,new,control,heat,3,Jul/05/2025,11:34:41,140,249,389,0.64,1.778
49,b,low,k,inoc,old,control,heat,3,Jul/05/2025,11:34:51,184,572,756,0.756,3.108
50,a,low,k,uninoc,new,control,heat,3,Jul/05/2025,11:35:02,169,427,596,0.716,2.526
50,b,low,k,uninoc,old,control,heat,3,Jul/05/2025,11:35:15,207,365,572,0.638,1.763
51,a,high,i,inoc,new,control,heat,3,Jul/05/2025,11:35:30,276,754,1030,0.732,2.731
51,b,high,i,inoc,old,control,heat,3,Jul/05/2025,11:35:39,172,643,815,0.788,3.738
52,a,low,k,uninoc,old,control,heat,3,Jul/05/2025,11:35:51,336,717,1053,0.68,2.133
52,b,low,k,uninoc,old,control,heat,3,Jul/05/2025,11:36:02,224,725,949,0.763,3.236
53,a,low,k,uninoc,new,control,heat,3,Jul/05/2025,11:36:25,115,125,240,0.52,1.086
53,b,low,k,uninoc,old,control,heat,3,Jul/05/2025,11:36:36,149,523,672,0.778,3.51
54,a,high,g,uninoc,new,control,heat,3,Jul/05/2025,11:36:47,102,196,298,0.657,1.921
54,b,high,g,uninoc,old,control,heat,3,Jul/05/2025,11:37:01,124,223,347,0.642,1.798
55,a,high,h,uninoc,new,control,heat,3,Jul/05/2025,11:37:17,114,205,319,0.642,1.798
55,b,high,h,uninoc,old,control,heat,3,Jul/05/2025,11:37:36,228,882,1110,0.794,3.868
56,a,low,m,inoc,old,control,heat,3,Jul/05/2025,11:37:49,190,448,638,0.702,2.357
56,b,low,m,inoc,old,control,heat,3,Jul/05/2025,11:38:00,162,541,703,0.769,3.339
57,a,high,g,uninoc,old,control,heat,3,Jul/05/2025,11:38:22,197,114,311,0.366,0.578
57,b,high,g,uninoc,old,control,heat,3,Jul/05/2025,11:38:34,202,432,634,0.681,2.138
11,a,high,j,uninoc,new,high,heat,4,Jul/05/2025,12:30:13,237,593,830,0.714,2.502
11,b,high,j,uninoc,old,high,heat,4,Jul/05/2025,12:30:21,164,472,636,0.742,2.878
12,a,low,k,inoc,new,high,heat,4,Jul/05/2025,12:30:31,307,197,504,0.39,0.641
12,b,low,k,inoc,old,high,heat,4,Jul/05/2025,12:30:41,59,112,171,0.654,1.898
13,a,low,k,uninoc,new,high,heat,4,Jul/05/2025,12:30:52,243,578,821,0.704,2.378
13,b,low,k,uninoc,old,high,heat,4,Jul/05/2025,12:31:00,241,544,785,0.692,2.257
14,a,low,k,inoc,new,high,heat,4,Jul/05/2025,12:31:09,359,495,854,0.579,1.378
14,b,low,k,inoc,old,high,heat,4,Jul/05/2025,12:31:19,141,371,512,0.724,2.631
15,a,low,k,uninoc,new,high,heat,4,Jul/05/2025,12:31:29,194,142,336,0.422,0.731
15,b,low,k,uninoc,old,high,heat,4,Jul/05/2025,12:31:39,96,235,331,0.709,2.447
16,a,high,i,inoc,new,high,heat,4,Jul/05/2025,12:31:51,206,557,763,0.73,2.703
16,b,high,i,inoc,old,high,heat,4,Jul/05/2025,12:32:02,103,338,441,0.766,3.281
17,a,low,k,uninoc,new,high,heat,4,Jul/05/2025,12:32:15,234,121,355,0.34,0.517
17,b,low,k,uninoc,old,high,heat,4,Jul/05/2025,12:32:23,297,345,642,0.537,1.161
18,a,high,g,uninoc,new,high,heat,4,Jul/05/2025,12:32:33,168,283,451,0.627,1.684
18,b,high,g,uninoc,old,high,heat,4,Jul/05/2025,12:32:44,173,339,512,0.662,1.959
19,a,low,h,inoc,new,high,heat,4,Jul/05/2025,12:32:54,263,163,426,0.382,0.619
19,b,low,h,inoc,old,high,heat,4,Jul/05/2025,12:33:05,182,199,381,0.522,1.093
20,a,high,g,uninoc,old,mod,heat,4,Jul/05/2025,12:33:15,238,471,709,0.664,1.978
20,b,high,g,uninoc,old,mod,heat,4,Jul/05/2025,12:33:24,114,200,314,0.636,1.754
21,a,high,h,uninoc,old,mod,heat,4,Jul/05/2025,12:33:42,179,370,549,0.673,2.067
21,b,high,h,uninoc,old,mod,heat,4,Jul/05/2025,12:33:50,373,492,865,0.568,1.319
22,a,high,h,inoc,new,mod,heat,4,Jul/05/2025,12:33:59,242,232,474,0.489,0.958
22,b,high,h,inoc,old,mod,heat,4,Jul/05/2025,12:34:09,493,508,1001,0.507,1.03
23,a,high,j,uninoc,new,mod,heat,4,Jul/05/2025,12:34:21,332,389,721,0.539,1.171
23,b,high,j,uninoc,old,mod,heat,4,Jul/05/2025,12:34:32,263,766,1029,0.744,2.912
24,a,high,i,inoc,new,mod,heat,4,Jul/05/2025,12:34:43,527,520,1047,0.496,0.986
24,b,high,i,inoc,new,mod,heat,4,Jul/05/2025,12:34:55,228,688,916,0.751,3.017
25,a,high,h,uninoc,new,mod,heat,4,Jul/05/2025,12:35:03,404,351,755,0.464,0.868
25,b,high,h,uninoc,old,mod,heat,4,Jul/05/2025,12:35:12,105,167,272,0.613,1.59
26,a,low,k,uninoc,new,mod,heat,4,Jul/05/2025,12:35:24,346,440,786,0.559,1.271
26,b,low,k,uninoc,old,mod,heat,4,Jul/05/2025,12:35:33,91,178,269,0.661,1.956
27,a,high,i,uninoc,new,mod,heat,4,Jul/05/2025,12:35:45,277,255,532,0.479,0.92
27,b,high,i,uninoc,old,mod,heat,4,Jul/05/2025,12:35:54,319,629,948,0.663,1.971
28,a,low,k,inoc,new,mod,heat,4,Jul/05/2025,12:36:04,225,231,456,0.506,1.026
28,b,low,k,inoc,old,mod,heat,4,Jul/05/2025,12:36:13,386,355,741,0.479,0.919
48,a,low,k,uninoc,new,control,heat,4,Jul/05/2025,12:36:23,457,111,568,0.195,0.242
48,b,low,k,uninoc,old,control,heat,4,Jul/05/2025,12:36:34,236,536,772,0.694,2.271
49,a,low,k,inoc,new,control,heat,4,Jul/05/2025,12:36:44,64,49,113,0.433,0.765
49,b,low,k,inoc,old,control,heat,4,Jul/05/2025,12:36:59,270,312,582,0.536,1.155
50,a,low,k,uninoc,new,control,heat,4,Jul/05/2025,12:37:11,289,164,453,0.362,0.567
50,b,low,k,uninoc,old,control,heat,4,Jul/05/2025,12:37:29,105,102,207,0.492,0.971
51,a,high,i,inoc,new,control,heat,4,Jul/05/2025,12:37:51,348,403,751,0.536,1.158
51,b,high,i,inoc,old,control,heat,4,Jul/05/2025,12:38:02,175,499,674,0.74,2.851
52,a,low,k,uninoc,old,control,heat,4,Jul/05/2025,12:38:14,381,535,916,0.584,1.404
52,b,low,k,uninoc,old,control,heat,4,Jul/05/2025,12:38:23,223,621,844,0.735,2.784
53,a,low,k,uninoc,new,control,heat,4,Jul/05/2025,12:38:36,111,84,195,0.43,0.756
53,b,low,k,uninoc,old,control,heat,4,Jul/05/2025,12:38:46,155,409,564,0.725,2.638
54,a,high,g,uninoc,new,control,heat,4,Jul/05/2025,12:38:56,160,83,243,0.341,0.518
54,b,high,g,uninoc,old,control,heat,4,Jul/05/2025,12:39:09,239,255,494,0.516,1.066
55,a,high,h,uninoc,new,control,heat,4,Jul/05/2025,12:39:21,434,21,455,0.046,0.048
55,b,high,h,uninoc,old,control,heat,4,Jul/05/2025,12:39:37,396,647,1043,0.62,1.633
56,a,low,m,inoc,old,control,heat,4,Jul/05/2025,12:39:48,246,375,621,0.603,1.524
56,b,low,m,inoc,old,control,heat,4,Jul/05/2025,12:39:58,201,414,615,0.673,2.059
57,a,high,g,uninoc,old,control,heat,4,Jul/05/2025,12:40:07,347,356,703,0.506,1.025
57,b,high,g,uninoc,old,control,heat,4,Jul/05/2025,12:40:17,253,292,545,0.535,1.154
11,a,high,j,uninoc,new,high,heat,5,Jul/05/2025,13:28:59,318,460,778,0.591,1.446
11,b,high,j,uninoc,old,high,heat,5,Jul/05/2025,13:29:14,202,341,543,0.627,1.688
12,a,low,k,inoc,new,high,heat,5,Jul/05/2025,13:29:24,290,107,397,0.269,0.368
12,b,low,k,inoc,old,high,heat,5,Jul/05/2025,13:30:09,104,70,174,0.402,0.673
13,a,low,k,uninoc,new,high,heat,5,Jul/05/2025,13:30:19,251,485,736,0.658,1.932
13,b,low,k,uninoc,old,high,heat,5,Jul/05/2025,13:30:27,265,414,679,0.609,1.562
14,a,low,k,inoc,new,high,heat,5,Jul/05/2025,13:30:35,477,320,797,0.401,0.67
14,b,low,k,inoc,old,high,heat,5,Jul/05/2025,13:30:45,222,284,506,0.561,1.279
15,a,low,k,uninoc,new,high,heat,5,Jul/05/2025,13:30:54,271,104,375,0.277,0.383
15,b,low,k,uninoc,old,high,heat,5,Jul/05/2025,13:31:03,105,195,300,0.65,1.857
16,a,high,i,inoc,new,high,heat,5,Jul/05/2025,13:31:15,270,519,789,0.657,1.922
16,b,high,i,inoc,old,high,heat,5,Jul/05/2025,13:31:31,98,185,283,0.653,1.887
17,a,low,k,uninoc,new,high,heat,5,Jul/05/2025,13:31:43,293,57,350,0.162,0.194
17,b,low,k,uninoc,old,high,heat,5,Jul/05/2025,13:31:53,364,226,590,0.383,0.62
18,a,high,g,uninoc,new,high,heat,5,Jul/05/2025,13:32:02,113,161,274,0.587,1.424
18,b,high,g,uninoc,old,high,heat,5,Jul/05/2025,13:32:21,232,414,646,0.64,1.784
19,a,low,h,inoc,new,high,heat,5,Jul/05/2025,13:32:36,300,66,366,0.18,0.22
19,b,low,h,inoc,old,high,heat,5,Jul/05/2025,13:32:52,207,115,322,0.357,0.555
20,a,high,g,uninoc,old,mod,heat,5,Jul/05/2025,13:33:02,281,323,604,0.534,1.149
20,b,high,g,uninoc,old,mod,heat,5,Jul/05/2025,13:33:10,131,192,323,0.594,1.465
21,a,high,h,uninoc,old,mod,heat,5,Jul/05/2025,13:33:19,547,333,880,0.378,0.608
21,b,high,h,uninoc,old,mod,heat,5,Jul/05/2025,13:33:28,242,261,503,0.518,1.078
22,a,high,h,inoc,new,mod,heat,5,Jul/05/2025,13:33:37,349,116,465,0.249,0.332
22,b,high,h,inoc,old,mod,heat,5,Jul/05/2025,13:33:48,764,253,1017,0.248,0.331
23,a,high,j,uninoc,new,mod,heat,5,Jul/05/2025,13:34:00,384,173,557,0.31,0.45
23,b,high,j,uninoc,old,mod,heat,5,Jul/05/2025,13:34:10,312,501,813,0.616,1.605
24,a,high,i,inoc,new,mod,heat,5,Jul/05/2025,13:34:20,731,202,933,0.216,0.276
24,b,high,i,inoc,new,mod,heat,5,Jul/05/2025,13:34:29,278,590,868,0.679,2.122
25,a,high,h,uninoc,new,mod,heat,5,Jul/05/2025,13:34:37,426,182,608,0.299,0.427
25,b,high,h,uninoc,old,mod,heat,5,Jul/05/2025,13:34:48,107,109,216,0.504,1.018
26,a,low,k,uninoc,new,mod,heat,5,Jul/05/2025,13:34:57,115,72,187,0.385,0.626
26,b,low,k,uninoc,old,mod,heat,5,Jul/05/2025,13:35:05,126,140,266,0.526,1.111
27,a,high,i,uninoc,new,mod,heat,5,Jul/05/2025,13:35:21,366,129,495,0.26,0.352
27,b,high,i,uninoc,old,mod,heat,5,Jul/05/2025,13:35:29,367,540,907,0.595,1.471
28,a,low,k,inoc,new,mod,heat,5,Jul/05/2025,13:35:38,305,159,464,0.342,0.521
28,b,low,k,inoc,old,mod,heat,5,Jul/05/2025,13:35:46,471,211,682,0.309,0.447
48,a,low,k,uninoc,new,control,heat,5,Jul/05/2025,13:35:56,510,19,529,0.035,0.037
48,b,low,k,uninoc,old,control,heat,5,Jul/05/2025,13:36:09,256,389,645,0.603,1.519
49,a,low,k,inoc,new,control,heat,5,Jul/05/2025,13:36:21,328,230,558,0.412,0.701
49,b,low,k,inoc,old,control,heat,5,Jul/05/2025,13:36:37,336,246,582,0.422,0.732
50,a,low,k,uninoc,new,control,heat,5,Jul/05/2025,13:36:47,347,91,438,0.207,0.262
50,b,low,k,uninoc,old,control,heat,5,Jul/05/2025,13:36:57,329,291,620,0.469,0.884
51,a,high,i,inoc,new,control,heat,5,Jul/05/2025,13:37:09,487,179,666,0.268,0.367
51,b,high,i,inoc,old,control,heat,5,Jul/05/2025,13:37:26,179,308,487,0.632,1.72
52,a,low,k,uninoc,old,control,heat,5,Jul/05/2025,13:38:06,376,335,711,0.471,0.89
52,b,low,k,uninoc,old,control,heat,5,Jul/05/2025,13:38:15,248,560,808,0.693,2.258
53,a,low,k,uninoc,new,control,heat,5,Jul/05/2025,13:38:25,79,56,135,0.414,0.708
53,b,low,k,uninoc,old,control,heat,5,Jul/05/2025,13:38:40,114,168,282,0.595,1.473
54,a,high,g,uninoc,new,control,heat,5,Jul/05/2025,13:38:53,70,6,76,0.078,0.085
54,b,high,g,uninoc,old,control,heat,5,Jul/05/2025,13:39:07,133,95,228,0.416,0.714
55,a,high,h,uninoc,new,control,heat,5,Jul/05/2025,13:39:32,555,4,559,0.007,0.007
55,b,high,h,uninoc,old,control,heat,5,Jul/05/2025,13:39:47,580,274,854,0.32,0.472
56,a,low,m,inoc,old,control,heat,5,Jul/05/2025,13:39:57,293,271,564,0.48,0.924
56,b,low,m,inoc,old,control,heat,5,Jul/05/2025,13:40:08,216,288,504,0.571,1.333
57,a,high,g,uninoc,old,control,heat,5,Jul/05/2025,13:40:17,429,244,673,0.362,0.568
57,b,high,g,uninoc,old,control,heat,5,Jul/05/2025,13:40:26,287,208,495,0.42,0.724
11,a,high,j,uninoc,new,high,heat,6,Jul/05/2025,14:32:23,317,453,770,0.588,1.429
11,b,high,j,uninoc,old,high,heat,6,Jul/05/2025,14:32:31,299,195,494,0.394,0.652
12,a,low,k,inoc,new,high,heat,6,Jul/05/2025,14:32:54,305,112,417,0.268,0.367
12,b,low,k,inoc,old,high,heat,6,Jul/05/2025,14:33:17,128,163,291,0.56,1.273
13,a,low,k,uninoc,new,high,heat,6,Jul/05/2025,14:33:27,268,524,792,0.661,1.955
13,b,low,k,uninoc,old,high,heat,6,Jul/05/2025,14:33:35,293,426,719,0.592,1.453
14,a,low,k,inoc,new,high,heat,6,Jul/05/2025,14:33:46,492,256,748,0.342,0.52
14,b,low,k,inoc,old,high,heat,6,Jul/05/2025,14:33:54,223,217,440,0.493,0.973
15,a,low,k,uninoc,new,high,heat,6,Jul/05/2025,14:34:04,226,92,318,0.289,0.407
15,b,low,k,uninoc,old,high,heat,6,Jul/05/2025,14:34:15,134,204,338,0.603,1.522
16,a,high,i,inoc,new,high,heat,6,Jul/05/2025,14:34:28,277,483,760,0.635,1.743
16,b,high,i,inoc,old,high,heat,6,Jul/05/2025,14:34:45,210,39,249,0.156,0.185
17,a,low,k,uninoc,new,high,heat,6,Jul/05/2025,14:35:06,292,32,324,0.098,0.109
17,b,low,k,uninoc,old,high,heat,6,Jul/05/2025,14:35:15,339,161,500,0.322,0.474
18,a,high,g,uninoc,new,high,heat,6,Jul/05/2025,14:35:26,207,214,421,0.508,1.033
18,b,high,g,uninoc,old,high,heat,6,Jul/05/2025,14:35:36,212,338,550,0.614,1.594
19,a,low,h,inoc,new,high,heat,6,Jul/05/2025,14:35:48,316,43,359,0.119,0.136
19,b,low,h,inoc,old,high,heat,6,Jul/05/2025,14:36:00,150,128,278,0.46,0.853
20,a,high,g,uninoc,old,mod,heat,6,Jul/05/2025,14:36:22,206,356,562,0.633,1.728
20,b,high,g,uninoc,old,mod,heat,6,Jul/05/2025,14:36:30,149,181,330,0.548,1.214
21,a,high,h,uninoc,old,mod,heat,6,Jul/05/2025,14:36:42,252,259,511,0.506,1.027
21,b,high,h,uninoc,old,mod,heat,6,Jul/05/2025,14:36:52,558,269,827,0.325,0.482
22,a,high,h,inoc,new,mod,heat,6,Jul/05/2025,14:37:02,458,129,587,0.219,0.281
22,b,high,h,inoc,old,mod,heat,6,Jul/05/2025,14:37:12,745,202,947,0.213,0.271
23,a,high,j,uninoc,new,mod,heat,6,Jul/05/2025,14:37:25,442,154,596,0.258,0.348
23,b,high,j,uninoc,old,mod,heat,6,Jul/05/2025,14:37:39,377,475,852,0.557,1.259
24,a,high,i,inoc,new,mod,heat,6,Jul/05/2025,14:37:53,745,160,905,0.176,0.214
24,b,high,i,inoc,new,mod,heat,6,Jul/05/2025,14:38:05,288,610,898,0.679,2.118
25,a,high,h,uninoc,new,mod,heat,6,Jul/05/2025,14:38:16,430,146,576,0.253,0.339
25,b,high,h,uninoc,old,mod,heat,6,Jul/05/2025,14:38:26,123,117,240,0.487,0.951
26,a,low,k,uninoc,new,mod,heat,6,Jul/05/2025,14:38:45,151,80,231,0.346,0.529
26,b,low,k,uninoc,old,mod,heat,6,Jul/05/2025,14:38:55,158,430,588,0.731,2.721
27,a,high,i,uninoc,new,mod,heat,6,Jul/05/2025,14:39:17,373,104,477,0.218,0.278
27,b,high,i,uninoc,old,mod,heat,6,Jul/05/2025,14:39:27,298,477,775,0.615,1.6
28,a,low,k,inoc,new,mod,heat,6,Jul/05/2025,14:39:36,277,114,391,0.291,0.411
28,b,low,k,inoc,old,mod,heat,6,Jul/05/2025,14:39:47,452,170,622,0.273,0.376
48,a,low,k,uninoc,new,control,heat,6,Jul/05/2025,14:39:58,666,6,672,0.008,0.009
48,b,low,k,uninoc,old,control,heat,6,Jul/05/2025,14:40:10,256,226,482,0.468,0.882
49,a,low,k,inoc,new,control,heat,6,Jul/05/2025,14:40:21,366,188,554,0.339,0.513
49,b,low,k,inoc,old,control,heat,6,Jul/05/2025,14:40:36,333,220,553,0.397,0.66
50,a,low,k,uninoc,new,control,heat,6,Jul/05/2025,14:40:52,357,64,421,0.152,0.179
50,b,low,k,uninoc,old,control,heat,6,Jul/05/2025,14:41:02,205,375,580,0.646,1.829
51,a,high,i,inoc,new,control,heat,6,Jul/05/2025,14:41:12,393,80,473,0.169,0.203
51,b,high,i,inoc,old,control,heat,6,Jul/05/2025,14:41:21,97,148,245,0.604,1.525
52,a,low,k,uninoc,old,control,heat,6,Jul/05/2025,14:41:38,406,325,731,0.444,0.8
52,b,low,k,uninoc,old,control,heat,6,Jul/05/2025,14:41:47,251,498,749,0.664,1.984
53,a,low,k,uninoc,new,control,heat,6,Jul/05/2025,14:41:59,457,356,813,0.437,0.778
53,b,low,k,uninoc,old,control,heat,6,Jul/05/2025,14:42:10,121,115,236,0.487,0.95
54,a,high,g,uninoc,new,control,heat,6,Jul/05/2025,14:42:59,409,121,530,0.228,0.295
54,b,high,g,uninoc,old,control,heat,6,Jul/05/2025,14:43:08,123,21,144,0.145,0.17
55,a,high,h,uninoc,new,control,heat,6,Jul/05/2025,14:43:18,554,0,554,0,0
55,b,high,h,uninoc,old,control,heat,6,Jul/05/2025,14:43:31,642,191,833,0.229,0.297
56,a,low,m,inoc,old,control,heat,6,Jul/05/2025,14:43:44,228,220,448,0.491,0.964
56,b,low,m,inoc,old,control,heat,6,Jul/05/2025,14:43:52,342,251,593,0.423,0.733
57,a,high,g,uninoc,old,control,heat,6,Jul/05/2025,14:44:02,442,185,627,0.295,0.418
57,b,high,g,uninoc,old,control,heat,6,Jul/05/2025,14:44:12,299,178,477,0.373,0.595
11,a,high,j,uninoc,new,high,heat,7,Jul/05/2025,15:30:01,364,357,721,0.495,0.98
11,b,high,j,uninoc,old,high,heat,7,Jul/05/2025,15:30:09,342,153,495,0.309,0.447
12,a,low,k,inoc,new,high,heat,7,Jul/05/2025,15:30:18,348,91,439,0.207,0.261
12,b,low,k,inoc,old,high,heat,7,Jul/05/2025,15:30:27,203,393,596,0.659,1.935
13,a,low,k,uninoc,new,high,heat,7,Jul/05/2025,15:30:38,351,484,835,0.579,1.378
13,b,low,k,uninoc,old,high,heat,7,Jul/05/2025,15:30:46,298,399,697,0.572,1.338
14,a,low,k,inoc,new,high,heat,7,Jul/05/2025,15:30:56,572,182,754,0.241,0.318
14,b,low,k,inoc,old,high,heat,7,Jul/05/2025,15:31:05,276,199,475,0.418,0.721
15,a,low,k,uninoc,new,high,heat,7,Jul/05/2025,15:31:14,258,55,313,0.175,0.213
15,b,low,k,uninoc,old,high,heat,7,Jul/05/2025,15:31:23,137,105,242,0.433,0.766
16,a,high,i,inoc,new,high,heat,7,Jul/05/2025,15:31:35,310,418,728,0.574,1.348
16,b,high,i,inoc,old,high,heat,7,Jul/05/2025,15:31:47,333,921,1254,0.734,2.765
17,a,low,k,uninoc,new,high,heat,7,Jul/05/2025,15:31:56,368,10,378,0.026,0.027
17,b,low,k,uninoc,old,high,heat,7,Jul/05/2025,15:32:04,424,148,572,0.258,0.349
18,a,high,g,uninoc,new,high,heat,7,Jul/05/2025,15:32:13,204,136,340,0.4,0.666
18,b,high,g,uninoc,old,high,heat,7,Jul/05/2025,15:32:22,304,395,699,0.565,1.299
19,a,low,h,inoc,new,high,heat,7,Jul/05/2025,15:32:34,323,30,353,0.084,0.092
19,b,low,h,inoc,old,high,heat,7,Jul/05/2025,15:32:48,161,127,288,0.44,0.788
20,a,high,g,uninoc,old,mod,heat,7,Jul/05/2025,15:32:57,215,238,453,0.525,1.106
20,b,high,g,uninoc,old,mod,heat,7,Jul/05/2025,15:33:05,114,91,205,0.443,0.798
21,a,high,h,uninoc,old,mod,heat,7,Jul/05/2025,15:33:13,313,296,609,0.486,0.945
21,b,high,h,uninoc,old,mod,heat,7,Jul/05/2025,15:33:22,587,234,821,0.285,0.398
22,a,high,h,inoc,new,mod,heat,7,Jul/05/2025,15:33:31,411,74,485,0.152,0.18
22,b,high,h,inoc,old,mod,heat,7,Jul/05/2025,15:33:40,764,188,952,0.197,0.246
23,a,high,j,uninoc,new,mod,heat,7,Jul/05/2025,15:33:51,431,119,550,0.216,0.276
23,b,high,j,uninoc,old,mod,heat,7,Jul/05/2025,15:34:00,419,345,764,0.451,0.823
24,a,high,i,inoc,new,mod,heat,7,Jul/05/2025,15:34:11,746,154,900,0.171,0.206
24,b,high,i,inoc,new,mod,heat,7,Jul/05/2025,15:34:20,260,532,792,0.671,2.046
25,a,high,h,uninoc,new,mod,heat,7,Jul/05/2025,15:34:29,493,105,598,0.175,0.212
25,b,high,h,uninoc,old,mod,heat,7,Jul/05/2025,15:34:37,52,26,78,0.333,0.5
26,a,low,k,uninoc,new,mod,heat,7,Jul/05/2025,15:34:49,202,82,284,0.288,0.405
26,b,low,k,uninoc,old,mod,heat,7,Jul/05/2025,15:34:57,203,458,661,0.692,2.256
27,a,high,i,uninoc,new,mod,heat,7,Jul/05/2025,15:35:09,227,69,296,0.233,0.303
27,b,high,i,uninoc,old,mod,heat,7,Jul/05/2025,15:35:17,266,462,728,0.634,1.736
28,a,low,k,inoc,new,mod,heat,7,Jul/05/2025,15:35:26,261,96,357,0.268,0.367
28,b,low,k,inoc,old,mod,heat,7,Jul/05/2025,15:35:35,396,93,489,0.19,0.234
48,a,low,k,uninoc,new,control,heat,7,Jul/05/2025,15:35:43,658,0,658,0,0
48,b,low,k,uninoc,old,control,heat,7,Jul/05/2025,15:35:52,342,203,545,0.372,0.593
49,a,low,k,inoc,new,control,heat,7,Jul/05/2025,15:36:05,391,160,551,0.29,0.409
49,b,low,k,inoc,old,control,heat,7,Jul/05/2025,15:36:13,344,179,523,0.342,0.52
50,a,low,k,uninoc,new,control,heat,7,Jul/05/2025,15:36:26,375,36,411,0.087,0.096
50,b,low,k,uninoc,old,control,heat,7,Jul/05/2025,15:36:35,274,350,624,0.56,1.277
51,a,high,i,inoc,new,control,heat,7,Jul/05/2025,15:36:46,573,60,633,0.094,0.104
51,b,high,i,inoc,old,control,heat,7,Jul/05/2025,15:37:00,211,349,560,0.623,1.654
52,a,low,k,uninoc,old,control,heat,7,Jul/05/2025,15:37:10,438,289,727,0.397,0.659
52,b,low,k,uninoc,old,control,heat,7,Jul/05/2025,15:37:20,264,490,754,0.649,1.856
53,a,low,k,uninoc,new,control,heat,7,Jul/05/2025,15:37:31,459,325,784,0.414,0.708
53,b,low,k,uninoc,old,control,heat,7,Jul/05/2025,15:37:41,157,91,248,0.366,0.579
54,a,high,g,uninoc,new,control,heat,7,Jul/05/2025,15:37:50,375,125,500,0.25,0.333
54,b,high,g,uninoc,old,control,heat,7,Jul/05/2025,15:38:00,84,18,102,0.176,0.214
55,a,high,h,uninoc,new,control,heat,7,Jul/05/2025,15:38:13,637,0,637,0,0
55,b,high,h,uninoc,old,control,heat,7,Jul/05/2025,15:38:24,616,125,741,0.168,0.202
56,a,low,m,inoc,old,control,heat,7,Jul/05/2025,15:38:35,248,194,442,0.438,0.782
56,b,low,m,inoc,old,control,heat,7,Jul/05/2025,15:38:43,342,227,569,0.398,0.663
57,a,high,g,uninoc,old,control,heat,7,Jul/05/2025,15:38:52,497,169,666,0.253,0.34
57,b,high,g,uninoc,old,control,heat,7,Jul/05/2025,15:39:01,244,172,416,0.413,0.704
11,a,high,j,uninoc,new,high,heat,8,Jul/05/2025,16:33:15,389,349,738,0.472,0.897
11,b,high,j,uninoc,old,high,heat,8,Jul/05/2025,16:33:24,346,134,480,0.279,0.387
12,a,low,k,inoc,new,high,heat,8,Jul/05/2025,16:33:31,346,84,430,0.195,0.242
12,b,low,k,inoc,old,high,heat,8,Jul/05/2025,16:33:40,227,364,591,0.615,1.603
13,a,low,k,uninoc,new,high,heat,8,Jul/05/2025,16:33:48,350,484,834,0.58,1.382
13,b,low,k,uninoc,old,high,heat,8,Jul/05/2025,16:33:56,276,342,618,0.553,1.239
14,a,low,k,inoc,new,high,heat,8,Jul/05/2025,16:34:04,590,170,760,0.223,0.288
14,b,low,k,inoc,old,high,heat,8,Jul/05/2025,16:34:14,267,183,450,0.406,0.685
15,a,low,k,uninoc,new,high,heat,8,Jul/05/2025,16:34:24,310,53,363,0.146,0.17
15,b,low,k,uninoc,old,high,heat,8,Jul/05/2025,16:34:33,144,71,215,0.33,0.493
16,a,high,i,inoc,new,high,heat,8,Jul/05/2025,16:34:45,286,453,739,0.612,1.583
16,b,high,i,inoc,old,high,heat,8,Jul/05/2025,16:34:55,356,999,1355,0.737,2.806
17,a,low,k,uninoc,new,high,heat,8,Jul/05/2025,16:35:03,325,11,336,0.032,0.033
17,b,low,k,uninoc,old,high,heat,8,Jul/05/2025,16:35:12,425,151,576,0.262,0.355
18,a,high,g,uninoc,new,high,heat,8,Jul/05/2025,16:35:22,172,99,271,0.365,0.575
18,b,high,g,uninoc,old,high,heat,8,Jul/05/2025,16:35:30,269,386,655,0.589,1.434
19,a,low,h,inoc,new,high,heat,8,Jul/05/2025,16:35:40,323,31,354,0.087,0.095
19,b,low,h,inoc,old,high,heat,8,Jul/05/2025,16:35:51,103,142,245,0.579,1.378
20,a,high,g,uninoc,old,mod,heat,8,Jul/05/2025,16:36:04,271,214,485,0.441,0.789
20,b,high,g,uninoc,old,mod,heat,8,Jul/05/2025,16:36:14,168,100,268,0.373,0.595
21,a,high,h,uninoc,old,mod,heat,8,Jul/05/2025,16:36:32,557,276,833,0.331,0.495
21,b,high,h,uninoc,old,mod,heat,8,Jul/05/2025,16:36:41,263,384,647,0.593,1.46
22,a,high,h,inoc,new,mod,heat,8,Jul/05/2025,16:36:51,314,106,420,0.252,0.337
22,b,high,h,inoc,old,mod,heat,8,Jul/05/2025,16:37:00,626,241,867,0.277,0.384
23,a,high,j,uninoc,new,mod,heat,8,Jul/05/2025,16:37:10,477,203,680,0.298,0.425
23,b,high,j,uninoc,old,mod,heat,8,Jul/05/2025,16:37:18,442,319,761,0.419,0.721
24,a,high,i,inoc,new,mod,heat,8,Jul/05/2025,16:37:27,634,270,904,0.298,0.425
24,b,high,i,inoc,new,mod,heat,8,Jul/05/2025,16:37:37,278,652,930,0.701,2.345
25,a,high,h,uninoc,new,mod,heat,8,Jul/05/2025,16:37:47,468,148,616,0.24,0.316
25,b,high,h,uninoc,old,mod,heat,8,Jul/05/2025,16:37:57,80,142,222,0.639,1.775
26,a,low,k,uninoc,new,mod,heat,8,Jul/05/2025,16:38:07,158,107,265,0.403,0.677
26,b,low,k,uninoc,old,mod,heat,8,Jul/05/2025,16:38:19,210,477,687,0.694,2.271
27,a,high,i,uninoc,new,mod,heat,8,Jul/05/2025,16:38:36,223,97,320,0.303,0.434
27,b,high,i,uninoc,old,mod,heat,8,Jul/05/2025,16:38:46,255,487,742,0.656,1.909
28,a,low,k,inoc,new,mod,heat,8,Jul/05/2025,16:38:56,142,87,229,0.379,0.612
28,b,low,k,inoc,old,mod,heat,8,Jul/05/2025,16:39:04,301,155,456,0.339,0.514
48,a,low,k,uninoc,new,control,heat,8,Jul/05/2025,16:39:13,656,13,669,0.019,0.019
48,b,low,k,uninoc,old,control,heat,8,Jul/05/2025,16:39:21,191,171,362,0.472,0.895
49,a,low,k,inoc,new,control,heat,8,Jul/05/2025,16:39:31,373,180,553,0.325,0.482
49,b,low,k,inoc,old,control,heat,8,Jul/05/2025,16:39:40,244,268,512,0.523,1.098
50,a,low,k,uninoc,new,control,heat,8,Jul/05/2025,16:39:50,335,107,442,0.242,0.319
50,b,low,k,uninoc,old,control,heat,8,Jul/05/2025,16:39:59,253,363,616,0.589,1.434
51,a,high,i,inoc,new,control,heat,8,Jul/05/2025,16:40:10,455,179,634,0.282,0.393
51,b,high,i,inoc,old,control,heat,8,Jul/05/2025,16:40:17,235,544,779,0.698,2.314
52,a,low,k,uninoc,old,control,heat,8,Jul/05/2025,16:40:26,438,437,875,0.499,0.997
52,b,low,k,uninoc,old,control,heat,8,Jul/05/2025,16:40:35,229,611,840,0.727,2.668
53,a,low,k,uninoc,new,control,heat,8,Jul/05/2025,16:40:47,326,506,832,0.608,1.552
53,b,low,k,uninoc,old,control,heat,8,Jul/05/2025,16:41:26,80,18,98,0.183,0.225
54,a,high,g,uninoc,new,control,heat,8,Jul/05/2025,16:41:35,380,100,480,0.208,0.263
54,b,high,g,uninoc,old,control,heat,8,Jul/05/2025,16:41:46,54,0,54,0,0
55,a,high,h,uninoc,new,control,heat,8,Jul/05/2025,16:42:00,606,0,606,0,0
55,b,high,h,uninoc,old,control,heat,8,Jul/05/2025,16:42:13,563,180,743,0.242,0.319
56,a,low,m,inoc,old,control,heat,8,Jul/05/2025,16:42:26,226,328,554,0.592,1.451
56,b,low,m,inoc,old,control,heat,8,Jul/05/2025,16:42:35,253,354,607,0.583,1.399
57,a,high,g,uninoc,old,control,heat,8,Jul/05/2025,16:42:44,367,289,656,0.44,0.787
57,b,high,g,uninoc,old,control,heat,8,Jul/05/2025,16:42:55,190,240,430,0.558,1.263
11,a,high,j,uninoc,new,high,heat,rec1,Jul/06/2025,13:40:38,247,732,979,0.747,2.963
11,b,high,j,uninoc,old,high,heat,rec1,Jul/06/2025,13:40:45,158,465,623,0.746,2.943
12,a,low,k,inoc,new,high,heat,rec1,Jul/06/2025,13:40:53,295,119,414,0.287,0.403
12,b,low,k,inoc,old,high,heat,rec1,Jul/06/2025,13:41:02,196,472,668,0.706,2.408
13,a,low,k,uninoc,new,high,heat,rec1,Jul/06/2025,13:41:11,241,561,802,0.699,2.327
13,b,low,k,uninoc,old,high,heat,rec1,Jul/06/2025,13:41:21,233,376,609,0.617,1.613
14,a,low,k,inoc,new,high,heat,rec1,Jul/06/2025,13:41:31,190,41,231,0.177,0.215
14,b,low,k,inoc,old,high,heat,rec1,Jul/06/2025,13:42:08,121,236,357,0.661,1.95
15,a,low,k,uninoc,new,high,heat,rec1,Jul/06/2025,13:42:18,152,69,221,0.312,0.453
15,b,low,k,uninoc,old,high,heat,rec1,Jul/06/2025,13:42:34,205,704,909,0.774,3.434
16,a,high,i,inoc,new,high,heat,rec1,Jul/06/2025,13:42:47,210,403,613,0.657,1.919
16,b,high,i,inoc,old,high,heat,rec1,Jul/06/2025,13:42:57,309,980,1289,0.76,3.171
17,a,low,k,uninoc,new,high,heat,rec1,Jul/06/2025,13:43:06,104,178,282,0.631,1.711
17,b,low,k,uninoc,old,high,heat,rec1,Jul/06/2025,13:43:14,142,249,391,0.636,1.753
18,a,high,g,uninoc,new,high,heat,rec1,Jul/06/2025,13:43:22,166,346,512,0.675,2.084
18,b,high,g,uninoc,old,high,heat,rec1,Jul/06/2025,13:43:32,201,526,727,0.723,2.616
19,a,low,h,inoc,new,high,heat,rec1,Jul/06/2025,13:43:43,124,143,267,0.535,1.153
19,b,low,h,inoc,old,high,heat,rec1,Jul/06/2025,13:43:54,129,309,438,0.705,2.395
20,a,high,g,uninoc,old,mod,heat,rec1,Jul/06/2025,13:44:16,63,59,122,0.483,0.936
20,b,high,g,uninoc,old,mod,heat,rec1,Jul/06/2025,13:44:31,78,170,248,0.685,2.179
21,a,high,h,uninoc,old,mod,heat,rec1,Jul/06/2025,13:44:43,277,409,686,0.596,1.476
21,b,high,h,uninoc,old,mod,heat,rec1,Jul/06/2025,13:44:51,182,492,674,0.729,2.703
22,a,high,h,inoc,new,mod,heat,rec1,Jul/06/2025,13:45:03,259,230,489,0.47,0.888
22,b,high,h,inoc,old,mod,heat,rec1,Jul/06/2025,13:45:14,257,417,674,0.618,1.622
23,a,high,j,uninoc,new,mod,heat,rec1,Jul/06/2025,13:45:27,60,311,371,0.838,5.183
23,b,high,j,uninoc,old,mod,heat,rec1,Jul/06/2025,13:45:38,167,528,695,0.759,3.161
24,a,high,i,inoc,new,mod,heat,rec1,Jul/06/2025,13:45:54,263,388,651,0.596,1.475
24,b,high,i,inoc,new,mod,heat,rec1,Jul/06/2025,13:46:05,211,491,702,0.699,2.327
25,a,high,h,uninoc,new,mod,heat,rec1,Jul/06/2025,13:46:16,284,217,501,0.433,0.764
25,b,high,h,uninoc,old,mod,heat,rec1,Jul/06/2025,13:46:41,141,334,475,0.703,2.368
26,a,low,k,uninoc,new,mod,heat,rec1,Jul/06/2025,13:46:52,202,234,436,0.536,1.158
26,b,low,k,uninoc,old,mod,heat,rec1,Jul/06/2025,13:47:00,190,634,824,0.769,3.336
27,a,high,i,uninoc,new,mod,heat,rec1,Jul/06/2025,13:47:10,158,218,376,0.579,1.379
27,b,high,i,uninoc,old,mod,heat,rec1,Jul/06/2025,13:47:23,133,366,499,0.733,2.751
28,a,low,k,inoc,new,mod,heat,rec1,Jul/06/2025,13:47:33,233,180,413,0.435,0.772
28,b,low,k,inoc,old,mod,heat,rec1,Jul/06/2025,13:47:45,104,67,171,0.391,0.644
48,a,low,k,uninoc,new,control,heat,rec1,Jul/06/2025,13:48:03,54,33,87,0.379,0.611
48,b,low,k,uninoc,old,control,heat,rec1,Jul/06/2025,13:48:13,248,145,393,0.368,0.584
49,a,low,k,inoc,new,control,heat,rec1,Jul/06/2025,13:48:23,196,86,282,0.304,0.438
49,b,low,k,inoc,old,control,heat,rec1,Jul/06/2025,13:48:35,357,332,689,0.481,0.929
50,a,low,k,uninoc,new,control,heat,rec1,Jul/06/2025,13:48:50,300,277,577,0.48,0.923
50,b,low,k,uninoc,old,control,heat,rec1,Jul/06/2025,13:48:59,151,76,227,0.334,0.503
51,a,high,i,inoc,new,control,heat,rec1,Jul/06/2025,13:49:10,316,222,538,0.412,0.702
51,b,high,i,inoc,old,control,heat,rec1,Jul/06/2025,13:49:21,161,504,665,0.757,3.13
52,a,low,k,uninoc,old,control,heat,rec1,Jul/06/2025,13:49:35,90,129,219,0.589,1.433
52,b,low,k,uninoc,old,control,heat,rec1,Jul/06/2025,13:49:46,209,635,844,0.752,3.038
53,a,low,k,uninoc,new,control,heat,rec1,Jul/06/2025,13:49:56,274,279,553,0.504,1.018
53,b,low,k,uninoc,old,control,heat,rec1,Jul/06/2025,13:50:05,349,360,709,0.507,1.031
54,a,high,g,uninoc,new,control,heat,rec1,Jul/06/2025,13:50:15,253,107,360,0.297,0.422
54,b,high,g,uninoc,old,control,heat,rec1,Jul/06/2025,13:50:27,112,55,167,0.329,0.491
55,a,high,h,uninoc,new,control,heat,rec1,Jul/06/2025,13:50:37,148,73,221,0.33,0.493
55,b,high,h,uninoc,old,control,heat,rec1,Jul/06/2025,13:50:48,249,498,747,0.666,2
56,a,low,m,inoc,old,control,heat,rec1,Jul/06/2025,13:50:56,171,143,314,0.455,0.836
56,b,low,m,inoc,old,control,heat,rec1,Jul/06/2025,13:51:05,171,272,443,0.613,1.59
57,a,high,g,uninoc,old,control,heat,rec1,Jul/06/2025,13:51:14,142,36,178,0.202,0.253
57,b,high,g,uninoc,old,control,heat,rec1,Jul/06/2025,13:51:24,217,497,714,0.696,2.29
11,a,high,j,uninoc,new,high,heat,rec2,Jul/07/2025,13:11:45,240,855,1095,0.78,3.562
11,b,high,j,uninoc,old,high,heat,rec2,Jul/07/2025,13:11:52,204,563,767,0.734,2.759
12,a,low,k,inoc,new,high,heat,rec2,Jul/07/2025,13:12:01,260,214,474,0.451,0.823
12,b,low,k,inoc,old,high,heat,rec2,Jul/07/2025,13:12:11,208,632,840,0.752,3.038
13,a,low,k,uninoc,new,high,heat,rec2,Jul/07/2025,13:12:21,332,785,1117,0.702,2.364
13,b,low,k,uninoc,old,high,heat,rec2,Jul/07/2025,13:12:29,201,466,667,0.698,2.318
14,a,low,k,inoc,new,high,heat,rec2,Jul/07/2025,13:12:40,308,387,695,0.556,1.256
14,b,low,k,inoc,old,high,heat,rec2,Jul/07/2025,13:12:50,209,432,641,0.673,2.066
15,a,low,k,uninoc,new,high,heat,rec2,Jul/07/2025,13:12:59,183,230,413,0.556,1.256
15,b,low,k,uninoc,old,high,heat,rec2,Jul/07/2025,13:13:12,206,653,859,0.76,3.169
16,a,high,i,inoc,new,high,heat,rec2,Jul/07/2025,13:13:25,82,282,364,0.774,3.439
16,b,high,i,inoc,old,high,heat,rec2,Jul/07/2025,13:13:34,214,738,952,0.775,3.448
17,a,low,k,uninoc,new,high,heat,rec2,Jul/07/2025,13:13:43,312,577,889,0.649,1.849
17,b,low,k,uninoc,old,high,heat,rec2,Jul/07/2025,13:13:52,190,497,687,0.723,2.615
18,a,high,g,uninoc,new,high,heat,rec2,Jul/07/2025,13:14:02,254,654,908,0.72,2.574
18,b,high,g,uninoc,old,high,heat,rec2,Jul/07/2025,13:14:13,187,509,696,0.731,2.721
19,a,low,h,inoc,new,high,heat,rec2,Jul/07/2025,13:14:23,203,199,402,0.495,0.98
19,b,low,h,inoc,old,high,heat,rec2,Jul/07/2025,13:14:36,307,490,797,0.614,1.596
20,a,high,g,uninoc,old,mod,heat,rec2,Jul/07/2025,13:14:49,188,526,714,0.736,2.797
20,b,high,g,uninoc,old,mod,heat,rec2,Jul/07/2025,13:14:58,117,96,213,0.45,0.82
21,a,high,h,uninoc,old,mod,heat,rec2,Jul/07/2025,13:15:10,184,373,557,0.669,2.027
21,b,high,h,uninoc,old,mod,heat,rec2,Jul/07/2025,13:15:20,126,328,454,0.722,2.603
22,a,high,h,inoc,new,mod,heat,rec2,Jul/07/2025,13:15:29,121,179,300,0.596,1.479
22,b,high,h,inoc,old,mod,heat,rec2,Jul/07/2025,13:15:39,254,691,945,0.731,2.72
23,a,high,j,uninoc,new,mod,heat,rec2,Jul/07/2025,13:15:48,196,428,624,0.685,2.183
23,b,high,j,uninoc,old,mod,heat,rec2,Jul/07/2025,13:15:57,142,452,594,0.76,3.183
24,a,high,i,inoc,new,mod,heat,rec2,Jul/07/2025,13:16:06,256,594,850,0.698,2.32
24,b,high,i,inoc,new,mod,heat,rec2,Jul/07/2025,13:16:14,187,517,704,0.734,2.764
25,a,high,h,uninoc,new,mod,heat,rec2,Jul/07/2025,13:16:22,295,284,579,0.49,0.962
25,b,high,h,uninoc,old,mod,heat,rec2,Jul/07/2025,13:16:32,96,100,196,0.51,1.041
26,a,low,k,uninoc,new,mod,heat,rec2,Jul/07/2025,13:16:46,252,256,508,0.503,1.015
26,b,low,k,uninoc,old,mod,heat,rec2,Jul/07/2025,13:16:54,163,518,681,0.76,3.177
27,a,high,i,uninoc,new,mod,heat,rec2,Jul/07/2025,13:17:03,200,492,692,0.71,2.46
27,b,high,i,uninoc,old,mod,heat,rec2,Jul/07/2025,13:17:11,238,340,578,0.588,1.428
28,a,low,k,inoc,new,mod,heat,rec2,Jul/07/2025,13:17:23,214,261,475,0.549,1.219
28,b,low,k,inoc,old,mod,heat,rec2,Jul/07/2025,13:17:31,259,258,517,0.499,0.996
48,a,low,k,uninoc,new,control,heat,rec2,Jul/07/2025,13:17:40,303,458,761,0.601,1.511
48,b,low,k,uninoc,old,control,heat,rec2,Jul/07/2025,13:17:53,225,628,853,0.736,2.791
49,a,low,k,inoc,new,control,heat,rec2,Jul/07/2025,13:18:02,452,351,803,0.437,0.776
49,b,low,k,inoc,old,control,heat,rec2,Jul/07/2025,13:18:10,330,627,957,0.655,1.9
50,a,low,k,uninoc,new,control,heat,rec2,Jul/07/2025,13:18:23,177,218,395,0.551,1.231
50,b,low,k,uninoc,old,control,heat,rec2,Jul/07/2025,13:18:33,184,242,426,0.568,1.315
51,a,high,i,inoc,new,control,heat,rec2,Jul/07/2025,13:18:43,244,461,705,0.653,1.889
51,b,high,i,inoc,old,control,heat,rec2,Jul/07/2025,13:18:53,139,592,731,0.809,4.258
52,a,low,k,uninoc,old,control,heat,rec2,Jul/07/2025,13:19:03,230,218,448,0.486,0.947
52,b,low,k,uninoc,old,control,heat,rec2,Jul/07/2025,13:19:12,240,770,1010,0.762,3.208
53,a,low,k,uninoc,new,control,heat,rec2,Jul/07/2025,13:19:20,184,453,637,0.711,2.461
53,b,low,k,uninoc,old,control,heat,rec2,Jul/07/2025,13:19:29,124,345,469,0.735,2.782
54,a,high,g,uninoc,new,control,heat,rec2,Jul/07/2025,13:19:39,359,482,841,0.573,1.342
54,b,high,g,uninoc,old,control,heat,rec2,Jul/07/2025,13:19:49,268,417,685,0.608,1.555
55,a,high,h,uninoc,new,control,heat,rec2,Jul/07/2025,13:19:59,276,336,612,0.549,1.217
55,b,high,h,uninoc,old,control,heat,rec2,Jul/07/2025,13:20:10,221,710,931,0.762,3.212
56,a,low,m,inoc,old,control,heat,rec2,Jul/07/2025,13:20:22,196,427,623,0.685,2.178
56,b,low,m,inoc,old,control,heat,rec2,Jul/07/2025,13:20:31,177,335,512,0.654,1.892
57,a,high,g,uninoc,old,control,heat,rec2,Jul/07/2025,13:20:40,232,83,315,0.263,0.357
57,b,high,g,uninoc,old,control,heat,rec2,Jul/07/2025,13:20:48,201,252,453,0.556,1.253
1,a,high,g,uninoc,old,high,control,rec7,Jul/11/2025,14:09:11,234,872,1106,0.788,3.726
1,b,high,g,uninoc,old,high,control,rec7,Jul/11/2025,14:09:18,141,444,585,0.758,3.148
2,a,high,h,inoc,new,high,control,rec7,Jul/11/2025,14:09:30,187,599,786,0.762,3.203
2,b,high,h,inoc,new,high,control,rec7,Jul/11/2025,14:09:38,165,682,847,0.805,4.133
3,a,low,k,uninoc,old,high,control,rec7,Jul/11/2025,14:09:48,162,663,825,0.803,4.092
3,b,low,k,uninoc,old,high,control,rec7,Jul/11/2025,14:09:58,87,340,427,0.796,3.908
4,a,low,k,uninoc,new,high,control,rec7,Jul/11/2025,14:10:10,201,500,701,0.713,2.487
4,b,low,k,uninoc,old,high,control,rec7,Jul/11/2025,14:10:19,177,745,922,0.808,4.209
5,a,high,g,uninoc,new,high,control,rec7,Jul/11/2025,14:10:28,149,491,640,0.767,3.295
5,b,high,g,uninoc,old,high,control,rec7,Jul/11/2025,14:10:40,83,406,489,0.83,4.891
6,a,high,h,uninoc,old,high,control,rec7,Jul/11/2025,14:10:50,105,371,476,0.779,3.533
6,b,high,h,uninoc,new,high,control,rec7,Jul/11/2025,14:10:59,198,866,1064,0.813,4.373
7,a,low,k,uninoc,new,high,control,rec7,Jul/11/2025,14:11:13,206,642,848,0.757,3.116
7,b,low,k,uninoc,old,high,control,rec7,Jul/11/2025,14:11:23,151,637,788,0.808,4.218
8,a,high,h,uninoc,new,high,control,rec7,Jul/11/2025,14:11:31,185,636,821,0.774,3.437
8,b,high,h,uninoc,old,high,control,rec7,Jul/11/2025,14:11:40,216,968,1184,0.817,4.481
9,a,low,k,uninoc,new,high,control,rec7,Jul/11/2025,14:11:49,228,632,860,0.734,2.771
9,b,low,k,uninoc,old,high,control,rec7,Jul/11/2025,14:12:00,58,182,240,0.758,3.137
10,a,high,h,inoc,new,high,control,rec7,Jul/11/2025,14:12:11,95,379,474,0.799,3.989
10,b,high,h,inoc,new,high,control,rec7,Jul/11/2025,14:12:21,123,542,665,0.815,4.406
11,a,high,j,uninoc,new,high,heat,rec7,Jul/11/2025,14:12:30,194,739,933,0.792,3.809
11,b,high,j,uninoc,old,high,heat,rec7,Jul/11/2025,14:12:40,73,176,249,0.706,2.41
12,a,low,k,inoc,new,high,heat,rec7,Jul/11/2025,14:12:50,132,141,273,0.516,1.068
12,b,low,k,inoc,old,high,heat,rec7,Jul/11/2025,14:13:01,113,376,489,0.768,3.327
13,a,low,k,uninoc,new,high,heat,rec7,Jul/11/2025,14:13:12,102,164,266,0.616,1.607
13,b,low,k,uninoc,old,high,heat,rec7,Jul/11/2025,14:13:23,223,863,1086,0.794,3.869
14,a,low,k,inoc,new,high,heat,rec7,Jul/11/2025,14:13:32,214,483,697,0.692,2.257
14,b,low,k,inoc,old,high,heat,rec7,Jul/11/2025,14:13:41,64,315,379,0.831,4.921
15,a,low,k,uninoc,new,high,heat,rec7,Jul/11/2025,14:13:51,142,371,513,0.723,2.612
15,b,low,k,uninoc,old,high,heat,rec7,Jul/11/2025,14:13:59,106,351,457,0.768,3.311
16,a,high,i,inoc,new,high,heat,rec7,Jul/11/2025,14:14:12,192,909,1101,0.825,4.734
16,b,high,i,inoc,old,high,heat,rec7,Jul/11/2025,14:14:24,143,659,802,0.821,4.608
17,a,low,k,uninoc,new,high,heat,rec7,Jul/11/2025,14:14:33,94,220,314,0.7,2.34
17,b,low,k,uninoc,old,high,heat,rec7,Jul/11/2025,14:14:44,139,514,653,0.787,3.697
18,a,high,g,uninoc,new,high,heat,rec7,Jul/11/2025,14:14:54,92,338,430,0.786,3.673
18,b,high,g,uninoc,old,high,heat,rec7,Jul/11/2025,14:15:03,147,583,730,0.798,3.965
19,a,low,h,inoc,new,high,heat,rec7,Jul/11/2025,14:15:14,154,290,444,0.653,1.883
19,b,low,h,inoc,old,high,heat,rec7,Jul/11/2025,14:15:23,97,44,141,0.312,0.453
20,a,high,g,uninoc,old,mod,heat,rec7,Jul/11/2025,14:15:53,108,250,358,0.698,2.314
20,b,high,g,uninoc,old,mod,heat,rec7,Jul/11/2025,14:16:05,110,239,349,0.684,2.172
21,a,high,h,uninoc,old,mod,heat,rec7,Jul/11/2025,14:16:14,69,169,238,0.71,2.449
21,b,high,h,uninoc,old,mod,heat,rec7,Jul/11/2025,14:16:23,157,279,436,0.639,1.777
22,a,high,h,inoc,new,mod,heat,rec7,Jul/11/2025,14:16:36,171,623,794,0.784,3.643
22,b,high,h,inoc,old,mod,heat,rec7,Jul/11/2025,14:16:46,62,203,265,0.766,3.274
23,a,high,j,uninoc,new,mod,heat,rec7,Jul/11/2025,14:16:59,125,43,168,0.255,0.344
23,b,high,j,uninoc,old,mod,heat,rec7,Jul/11/2025,14:17:10,195,672,867,0.775,3.446
24,a,high,i,inoc,new,mod,heat,rec7,Jul/11/2025,14:17:20,53,206,259,0.795,3.886
24,b,high,i,inoc,new,mod,heat,rec7,Jul/11/2025,14:17:29,111,365,476,0.766,3.288
25,a,high,h,uninoc,new,mod,heat,rec7,Jul/11/2025,14:17:39,236,735,971,0.756,3.114
25,b,high,h,uninoc,old,mod,heat,rec7,Jul/11/2025,14:18:01,86,238,324,0.734,2.767
26,a,low,k,uninoc,new,mod,heat,rec7,Jul/11/2025,14:18:10,215,458,673,0.68,2.13
26,b,low,k,uninoc,old,mod,heat,rec7,Jul/11/2025,14:18:21,89,157,246,0.638,1.764
27,a,high,i,uninoc,new,mod,heat,rec7,Jul/11/2025,14:18:30,164,662,826,0.801,4.036
27,b,high,i,uninoc,old,mod,heat,rec7,Jul/11/2025,14:18:56,130,172,302,0.569,1.323
28,a,low,k,inoc,new,mod,heat,rec7,Jul/11/2025,14:19:13,152,404,556,0.726,2.657
28,b,low,k,inoc,old,mod,heat,rec7,Jul/11/2025,14:19:22,194,440,634,0.694,2.268
29,a,low,k,uninoc,new,mod,control,rec7,Jul/11/2025,14:19:31,197,425,622,0.683,2.157
29,b,low,k,uninoc,old,mod,control,rec7,Jul/11/2025,14:19:39,124,489,613,0.797,3.943
30,a,low,k,uninoc,new,mod,control,rec7,Jul/11/2025,14:19:51,130,370,500,0.74,2.846
30,b,low,k,uninoc,old,mod,control,rec7,Jul/11/2025,14:19:59,106,464,570,0.814,4.377
31,a,low,k,uninoc,new,mod,control,rec7,Jul/11/2025,14:20:10,187,708,895,0.791,3.786
31,b,low,k,uninoc,old,mod,control,rec7,Jul/11/2025,14:20:21,144,460,604,0.761,3.194
32,a,low,k,uninoc,new,mod,control,rec7,Jul/11/2025,14:20:31,84,180,264,0.681,2.142
32,b,low,k,uninoc,old,mod,control,rec7,Jul/11/2025,14:20:38,126,455,581,0.783,3.611
33,a,low,l,inoc,new,mod,control,rec7,Jul/11/2025,14:20:47,263,384,647,0.593,1.46
33,b,low,l,inoc,old,mod,control,rec7,Jul/11/2025,14:20:55,126,272,398,0.683,2.158
34,a,high,j,uninoc,old,mod,control,rec7,Jul/11/2025,14:21:04,70,260,330,0.787,3.714
34,b,high,j,uninoc,old,mod,control,rec7,Jul/11/2025,14:21:15,77,49,126,0.388,0.636
35,a,low,k,uninoc,new,mod,control,rec7,Jul/11/2025,14:21:28,226,599,825,0.726,2.65
35,b,low,k,uninoc,old,mod,control,rec7,Jul/11/2025,14:21:36,209,741,950,0.78,3.545
36,a,high,g,uninoc,new,mod,control,rec7,Jul/11/2025,14:21:45,193,489,682,0.717,2.533
36,b,high,g,uninoc,old,mod,control,rec7,Jul/11/2025,14:21:56,64,295,359,0.821,4.609
37,a,low,k,uninoc,new,mod,control,rec7,Jul/11/2025,14:22:08,189,522,711,0.734,2.761
37,b,low,k,uninoc,old,mod,control,rec7,Jul/11/2025,14:22:19,247,759,1006,0.754,3.072
38,a,high,h,inoc,new,control,control,rec7,Jul/11/2025,14:22:29,218,922,1140,0.808,4.229
38,b,high,h,inoc,old,control,control,rec7,Jul/11/2025,14:22:38,162,711,873,0.814,4.388
39,a,high,j,inoc,new,control,control,rec7,Jul/11/2025,14:22:51,218,740,958,0.772,3.394
39,b,high,j,inoc,old,control,control,rec7,Jul/11/2025,14:23:03,229,851,1080,0.787,3.716
40,a,low,n,inoc,new,control,control,rec7,Jul/11/2025,14:23:12,228,577,805,0.716,2.53
40,b,low,n,inoc,old,control,control,rec7,Jul/11/2025,14:23:23,65,175,240,0.729,2.692
41,a,low,k,uninoc,new,control,control,rec7,Jul/11/2025,14:23:37,60,108,168,0.642,1.8
41,b,low,k,uninoc,old,control,control,rec7,Jul/11/2025,14:23:46,131,517,648,0.797,3.946
42,a,high,g,uninoc,new,control,control,rec7,Jul/11/2025,14:24:00,58,143,201,0.711,2.465
42,b,high,g,uninoc,old,control,control,rec7,Jul/11/2025,14:24:10,155,608,763,0.796,3.922
43,a,high,h,uninoc,old,control,control,rec7,Jul/11/2025,14:24:21,98,451,549,0.821,4.602
43,b,high,h,uninoc,old,control,control,rec7,Jul/11/2025,14:24:33,232,824,1056,0.78,3.551
44,a,high,h,uninoc,old,control,control,rec7,Jul/11/2025,14:24:46,196,545,741,0.735,2.78
44,b,high,h,uninoc,old,control,control,rec7,Jul/11/2025,14:24:54,248,931,1179,0.789,3.754
45,a,low,k,uninoc,new,control,control,rec7,Jul/11/2025,14:25:04,157,374,531,0.704,2.382
45,b,low,k,uninoc,old,control,control,rec7,Jul/11/2025,14:25:14,79,170,249,0.682,2.151
46,a,low,k,uninoc,new,control,control,rec7,Jul/11/2025,14:25:45,45,32,77,0.415,0.711
46,b,low,k,uninoc,old,control,control,rec7,Jul/11/2025,14:25:56,74,200,274,0.729,2.702
47,a,high,j,uninoc,old,control,control,rec7,Jul/11/2025,14:26:22,104,130,234,0.555,1.25
47,b,high,j,uninoc,old,control,control,rec7,Jul/11/2025,14:26:30,183,496,679,0.73,2.71
48,a,low,k,uninoc,new,control,heat,rec7,Jul/11/2025,14:26:46,185,424,609,0.696,2.291
48,b,low,k,uninoc,old,control,heat,rec7,Jul/11/2025,14:26:56,213,826,1039,0.794,3.877
49,a,low,k,inoc,new,control,heat,rec7,Jul/11/2025,14:27:05,141,49,190,0.257,0.347
49,b,low,k,inoc,old,control,heat,rec7,Jul/11/2025,14:27:18,216,500,716,0.698,2.314
50,a,low,k,uninoc,new,control,heat,rec7,Jul/11/2025,14:27:31,158,561,719,0.78,3.55
50,b,low,k,uninoc,old,control,heat,rec7,Jul/11/2025,14:27:40,80,344,424,0.811,4.3
51,a,high,i,inoc,new,control,heat,rec7,Jul/11/2025,14:27:50,51,123,174,0.706,2.411
51,b,high,i,inoc,old,control,heat,rec7,Jul/11/2025,14:27:58,139,506,645,0.784,3.64
52,a,low,k,uninoc,old,control,heat,rec7,Jul/11/2025,14:28:07,155,426,581,0.733,2.748
52,b,low,k,uninoc,old,control,heat,rec7,Jul/11/2025,14:28:17,121,405,526,0.769,3.347
53,a,low,k,uninoc,new,control,heat,rec7,Jul/11/2025,14:28:27,293,678,971,0.698,2.313
53,b,low,k,uninoc,old,control,heat,rec7,Jul/11/2025,14:28:37,175,130,305,0.426,0.742
54,a,high,g,uninoc,new,control,heat,rec7,Jul/11/2025,14:28:46,157,362,519,0.697,2.305
54,b,high,g,uninoc,old,control,heat,rec7,Jul/11/2025,14:28:54,196,489,685,0.713,2.494
55,a,high,h,uninoc,new,control,heat,rec7,Jul/11/2025,14:29:03,185,503,688,0.731,2.718
55,b,high,h,uninoc,old,control,heat,rec7,Jul/11/2025,14:29:11,137,374,511,0.731,2.729
56,a,low,m,inoc,old,control,heat,rec7,Jul/11/2025,14:29:19,62,130,192,0.677,2.096
56,b,low,m,inoc,old,control,heat,rec7,Jul/11/2025,14:29:30,208,327,535,0.611,1.572
57,a,high,g,uninoc,old,control,heat,rec7,Jul/11/2025,14:30:13,66,91,157,0.579,1.378
57,b,high,g,uninoc,old,control,heat,rec7,Jul/11/2025,14:30:22,141,37,178,0.207,0.262
