Seedling_ID,Elev,Genotype,Micro,Needle_age,Measurement,Date,Time,Fo,Fv,Fm,Fv/Fm,Fv/Fo
1,high,g,uninoc,old,25,Jun/23/2025,6:44:15,344,817,1161,0.703,2.375
1,high,g,uninoc,old,25,Jun/23/2025,6:44:32,423,656,1079,0.607,1.55
2,high,h,inoc,new,25,Jun/23/2025,6:44:51,322,993,1315,0.755,3.083
2,high,h,inoc,new,25,Jun/23/2025,6:45:04,145,457,602,0.759,3.151
3,low,k,uninoc,old,25,Jun/23/2025,6:45:16,284,698,982,0.71,2.457
3,low,k,uninoc,old,25,Jun/23/2025,6:45:28,190,831,1021,0.813,4.373
4,low,k,uninoc,new,25,Jun/23/2025,6:45:42,190,610,800,0.762,3.21
4,low,k,uninoc,old,25,Jun/23/2025,6:46:01,169,812,981,0.827,4.804
5,high,g,uninoc,new,25,Jun/23/2025,6:46:21,218,680,898,0.757,3.119
5,high,g,uninoc,old,25,Jun/23/2025,6:46:32,232,1003,1235,0.812,4.323
6,high,h,uninoc,new,25,Jun/23/2025,6:46:43,244,766,1010,0.758,3.139
6,high,h,uninoc,old,25,Jun/23/2025,6:46:54,285,798,1083,0.736,2.8
7,low,k,uninoc,new,25,Jun/23/2025,6:47:07,339,726,1065,0.681,2.141
7,low,k,uninoc,old,25,Jun/23/2025,6:47:23,235,795,1030,0.771,3.382
8,high,h,uninoc,new,25,Jun/23/2025,6:47:34,240,895,1135,0.788,3.729
8,high,h,uninoc,old,25,Jun/23/2025,6:47:46,219,987,1206,0.818,4.506
9,low,k,uninoc,new,25,Jun/23/2025,6:47:56,268,737,1005,0.733,2.75
9,low,k,uninoc,old,25,Jun/23/2025,6:48:11,86,247,333,0.741,2.872
10,high,h,inoc,new,25,Jun/23/2025,6:48:22,334,1054,1388,0.759,3.155
10,high,h,inoc,new,25,Jun/23/2025,6:48:37,216,907,1123,0.807,4.199
11,high,j,uninoc,new,25,Jun/23/2025,6:49:02,222,911,1133,0.804,4.103
11,high,j,uninoc,old,25,Jun/23/2025,6:49:15,257,1178,1435,0.82,4.583
12,low,k,inoc,new,25,Jun/23/2025,6:49:32,251,189,440,0.429,0.752
12,low,k,inoc,old,25,Jun/23/2025,6:49:43,259,930,1189,0.782,3.59
13,low,k,uninoc,new,25,Jun/23/2025,6:49:54,330,947,1277,0.741,2.869
13,low,k,uninoc,old,25,Jun/23/2025,6:50:07,242,944,1186,0.795,3.9
14,low,k,inoc,new,25,Jun/23/2025,6:50:18,315,1033,1348,0.766,3.279
14,low,k,inoc,old,25,Jun/23/2025,6:50:31,143,693,836,0.828,4.846
15,low,k,uninoc,new,25,Jun/23/2025,6:51:03,288,823,1111,0.74,2.857
15,low,k,uninoc,old,25,Jun/23/2025,6:51:14,170,580,750,0.773,3.411
16,high,i,inoc,new,25,Jun/23/2025,6:51:31,239,969,1208,0.802,4.054
16,high,i,inoc,old,25,Jun/23/2025,6:51:47,222,1009,1231,0.819,4.545
17,low,k,uninoc,new,25,Jun/23/2025,6:51:59,349,951,1300,0.731,2.724
17,low,k,uninoc,old,25,Jun/23/2025,6:52:08,131,546,677,0.806,4.167
18,high,g,uninoc,new,25,Jun/23/2025,6:52:18,248,817,1065,0.767,3.294
18,high,g,uninoc,old,25,Jun/23/2025,6:52:29,217,1032,1249,0.826,4.755
19,low,h,inoc,new,25,Jun/23/2025,6:52:39,230,616,846,0.728,2.678
19,low,h,inoc,old,25,Jun/23/2025,6:52:52,297,661,958,0.689,2.225
20,high,g,uninoc,old,25,Jun/23/2025,6:53:08,236,901,1137,0.792,3.817
20,high,g,uninoc,old,25,Jun/23/2025,6:53:22,51,68,119,0.571,1.333
21,high,h,uninoc,old,25,Jun/23/2025,6:53:41,228,920,1148,0.801,4.035
21,high,h,uninoc,old,25,Jun/23/2025,6:53:51,141,594,735,0.808,4.212
22,high,h,inoc,new,25,Jun/23/2025,6:54:04,304,1013,1317,0.769,3.332
22,high,h,inoc,old,25,Jun/23/2025,6:54:15,181,897,1078,0.832,4.955
23,high,j,uninoc,new,25,Jun/23/2025,6:54:27,213,830,1043,0.795,3.896
23,high,j,uninoc,old,25,Jun/23/2025,6:54:40,150,678,828,0.818,4.52
24,high,i,inoc,new,25,Jun/23/2025,6:54:52,224,698,922,0.757,3.116
24,high,i,inoc,new,25,Jun/23/2025,6:55:04,299,849,1148,0.739,2.839
25,high,h,uninoc,new,25,Jun/23/2025,6:55:19,302,758,1060,0.715,2.509
25,high,h,uninoc,old,25,Jun/23/2025,6:55:33,187,582,769,0.756,3.112
26,low,k,uninoc,new,25,Jun/23/2025,6:55:43,270,806,1076,0.749,2.985
26,low,k,uninoc,old,25,Jun/23/2025,6:56:00,234,732,966,0.757,3.128
27,high,i,uninoc,new,25,Jun/23/2025,6:56:14,282,927,1209,0.766,3.287
27,high,i,uninoc,old,25,Jun/23/2025,6:56:25,221,948,1169,0.81,4.289
28,low,k,inoc,new,25,Jun/23/2025,6:56:37,183,593,776,0.764,3.24
28,low,k,inoc,old,25,Jun/23/2025,6:56:50,281,783,1064,0.735,2.786
29,low,k,uninoc,new,25,Jun/23/2025,6:57:01,249,598,847,0.706,2.401
29,low,k,uninoc,old,25,Jun/23/2025,6:57:12,200,703,903,0.778,3.515
30,low,k,uninoc,new,25,Jun/23/2025,6:57:22,293,774,1067,0.725,2.641
30,low,k,uninoc,old,25,Jun/23/2025,6:57:33,165,635,800,0.793,3.848
31,low,k,uninoc,new,25,Jun/23/2025,6:57:49,246,677,923,0.733,2.752
31,low,k,uninoc,old,25,Jun/23/2025,6:58:02,202,486,688,0.706,2.405
32,low,k,uninoc,new,25,Jun/23/2025,6:58:14,177,481,658,0.731,2.717
32,low,k,uninoc,old,25,Jun/23/2025,6:58:24,319,1032,1351,0.763,3.235
33,low,l,inoc,new,25,Jun/23/2025,6:58:35,268,690,958,0.72,2.574
33,low,l,inoc,old,25,Jun/23/2025,6:58:51,170,480,650,0.738,2.823
34,high,j,uninoc,old,25,Jun/23/2025,6:59:08,320,995,1315,0.756,3.109
34,high,j,uninoc,old,25,Jun/23/2025,6:59:23,293,703,996,0.705,2.399
35,low,k,uninoc,new,25,Jun/23/2025,6:59:35,255,842,1097,0.767,3.301
35,low,k,uninoc,old,25,Jun/23/2025,6:59:48,229,956,1185,0.806,4.174
36,high,g,uninoc,new,25,Jun/23/2025,7:00:03,185,473,658,0.718,2.556
36,high,g,uninoc,old,25,Jun/23/2025,7:00:16,264,989,1253,0.789,3.746
37,low,k,uninoc,new,25,Jun/23/2025,7:00:27,207,584,791,0.738,2.821
37,low,k,uninoc,old,25,Jun/23/2025,7:00:39,299,1277,1576,0.81,4.27
1,high,g,uninoc,old,30,Jun/23/2025,10:09:14,304,682,986,0.691,2.243
1,high,g,uninoc,old,30,Jun/23/2025,10:09:26,355,562,917,0.612,1.583
2,high,h,inoc,new,30,Jun/23/2025,10:09:38,442,1018,1460,0.697,2.303
2,high,h,inoc,new,30,Jun/23/2025,10:09:52,358,900,1258,0.715,2.513
3,low,k,uninoc,old,30,Jun/23/2025,10:10:04,346,768,1114,0.689,2.219
3,low,k,uninoc,old,30,Jun/23/2025,10:10:14,267,841,1108,0.759,3.149
4,low,k,uninoc,new,30,Jun/23/2025,10:10:32,326,780,1106,0.705,2.392
4,low,k,uninoc,old,30,Jun/23/2025,10:10:42,221,838,1059,0.791,3.791
5,high,g,uninoc,new,30,Jun/23/2025,10:10:52,277,763,1040,0.733,2.754
5,high,g,uninoc,old,30,Jun/23/2025,10:11:03,270,1014,1284,0.789,3.755
6,high,h,uninoc,new,30,Jun/23/2025,10:11:14,293,819,1112,0.736,2.795
6,high,h,uninoc,old,30,Jun/23/2025,10:11:25,324,832,1156,0.719,2.567
7,low,k,uninoc,new,30,Jun/23/2025,10:11:39,346,753,1099,0.685,2.176
7,low,k,uninoc,old,30,Jun/23/2025,10:11:48,235,704,939,0.749,2.995
8,high,h,uninoc,new,30,Jun/23/2025,10:12:03,325,814,1139,0.714,2.504
8,high,h,uninoc,old,30,Jun/23/2025,10:12:11,257,825,1082,0.762,3.21
9,low,k,uninoc,new,30,Jun/23/2025,10:12:29,378,916,1294,0.707,2.423
9,low,k,uninoc,old,30,Jun/23/2025,10:12:44,112,185,297,0.622,1.651
10,high,h,inoc,new,30,Jun/23/2025,10:12:55,405,1027,1432,0.717,2.535
10,high,h,inoc,new,30,Jun/23/2025,10:13:07,299,845,1144,0.738,2.826
11,high,j,uninoc,new,30,Jun/23/2025,10:13:30,269,672,941,0.714,2.498
11,high,j,uninoc,old,30,Jun/23/2025,10:13:42,350,1150,1500,0.766,3.285
12,low,k,inoc,new,30,Jun/23/2025,10:13:51,258,192,450,0.426,0.744
12,low,k,inoc,old,30,Jun/23/2025,10:14:01,361,891,1252,0.711,2.468
13,low,k,uninoc,new,30,Jun/23/2025,10:14:12,394,864,1258,0.686,2.192
13,low,k,uninoc,old,30,Jun/23/2025,10:14:22,260,897,1157,0.775,3.45
14,low,k,inoc,new,30,Jun/23/2025,10:14:33,443,962,1405,0.684,2.171
14,low,k,inoc,old,30,Jun/23/2025,10:14:43,137,493,630,0.782,3.598
15,low,k,uninoc,new,30,Jun/23/2025,10:14:53,329,766,1095,0.699,2.328
15,low,k,uninoc,old,30,Jun/23/2025,10:15:01,205,601,806,0.745,2.931
16,high,i,inoc,new,30,Jun/23/2025,10:15:17,287,894,1181,0.756,3.114
16,high,i,inoc,old,30,Jun/23/2025,10:15:28,226,815,1041,0.782,3.606
17,low,k,uninoc,new,30,Jun/23/2025,10:15:39,425,807,1232,0.655,1.898
17,low,k,uninoc,old,30,Jun/23/2025,10:15:48,213,642,855,0.75,3.014
18,high,g,uninoc,new,30,Jun/23/2025,10:15:56,289,795,1084,0.733,2.75
18,high,g,uninoc,old,30,Jun/23/2025,10:16:05,204,765,969,0.789,3.75
19,low,h,inoc,new,30,Jun/23/2025,10:16:20,296,689,985,0.699,2.327
19,low,h,inoc,old,30,Jun/23/2025,10:16:30,349,632,981,0.644,1.81
20,high,g,uninoc,old,30,Jun/23/2025,10:16:45,234,754,988,0.763,3.222
20,high,g,uninoc,old,30,Jun/23/2025,10:16:55,101,237,338,0.701,2.346
21,high,h,uninoc,old,30,Jun/23/2025,10:17:06,279,920,1199,0.767,3.297
21,high,h,uninoc,old,30,Jun/23/2025,10:17:18,193,729,922,0.79,3.777
22,high,h,inoc,new,30,Jun/23/2025,10:17:27,382,1080,1462,0.738,2.827
22,high,h,inoc,old,30,Jun/23/2025,10:17:38,235,824,1059,0.778,3.506
23,high,j,uninoc,new,30,Jun/23/2025,10:17:49,304,862,1166,0.739,2.835
23,high,j,uninoc,old,30,Jun/23/2025,10:18:03,241,915,1156,0.791,3.796
24,high,i,inoc,new,30,Jun/23/2025,10:18:19,275,740,1015,0.729,2.69
24,high,i,inoc,new,30,Jun/23/2025,10:18:30,287,847,1134,0.746,2.951
25,high,h,uninoc,new,30,Jun/23/2025,10:18:39,343,644,987,0.652,1.877
25,high,h,uninoc,old,30,Jun/23/2025,10:18:51,226,548,774,0.708,2.424
26,low,k,uninoc,new,30,Jun/23/2025,10:19:01,342,702,1044,0.672,2.052
26,low,k,uninoc,old,30,Jun/23/2025,10:19:10,227,548,775,0.707,2.414
27,high,i,uninoc,new,30,Jun/23/2025,10:19:19,284,783,1067,0.733,2.757
27,high,i,uninoc,old,30,Jun/23/2025,10:19:27,201,689,890,0.774,3.427
28,low,k,inoc,new,30,Jun/23/2025,10:19:37,186,463,649,0.713,2.489
28,low,k,inoc,old,30,Jun/23/2025,10:19:46,314,745,1059,0.703,2.372
29,low,k,uninoc,new,30,Jun/23/2025,10:19:57,255,467,722,0.646,1.831
29,low,k,uninoc,old,30,Jun/23/2025,10:20:05,304,850,1154,0.736,2.796
30,low,k,uninoc,new,30,Jun/23/2025,10:20:14,373,722,1095,0.659,1.935
30,low,k,uninoc,old,30,Jun/23/2025,10:20:26,273,852,1125,0.757,3.12
31,low,k,uninoc,new,30,Jun/23/2025,10:20:39,290,656,946,0.693,2.262
31,low,k,uninoc,old,30,Jun/23/2025,10:20:50,235,494,729,0.677,2.102
32,low,k,uninoc,new,30,Jun/23/2025,10:21:01,196,422,618,0.682,2.153
32,low,k,uninoc,old,30,Jun/23/2025,10:21:09,417,1034,1451,0.712,2.479
33,low,l,inoc,new,30,Jun/23/2025,10:21:19,302,622,924,0.673,2.059
33,low,l,inoc,old,30,Jun/23/2025,10:21:32,190,347,537,0.646,1.826
34,high,j,uninoc,old,30,Jun/23/2025,10:21:43,358,852,1210,0.704,2.379
34,high,j,uninoc,old,30,Jun/23/2025,10:21:53,320,653,973,0.671,2.04
35,low,k,uninoc,new,30,Jun/23/2025,10:22:03,363,752,1115,0.674,2.071
35,low,k,uninoc,old,30,Jun/23/2025,10:22:14,329,1005,1334,0.753,3.054
36,high,g,uninoc,new,30,Jun/23/2025,10:22:26,272,499,771,0.647,1.834
36,high,g,uninoc,old,30,Jun/23/2025,10:22:51,318,997,1315,0.758,3.135
37,low,k,uninoc,new,30,Jun/23/2025,10:23:05,230,495,725,0.682,2.152
37,low,k,uninoc,old,30,Jun/23/2025,10:23:27,186,568,754,0.753,3.053
1,high,g,uninoc,old,35,Jun/23/2025,13:39:20,304,362,666,0.543,1.19
1,high,g,uninoc,old,35,Jun/23/2025,13:39:30,389,529,918,0.576,1.359
2,high,h,inoc,new,35,Jun/23/2025,13:39:39,487,889,1376,0.646,1.825
2,high,h,inoc,new,35,Jun/23/2025,13:39:54,416,702,1118,0.627,1.687
3,low,k,uninoc,old,35,Jun/23/2025,13:40:06,415,845,1260,0.67,2.036
3,low,k,uninoc,old,35,Jun/23/2025,13:40:17,272,890,1162,0.765,3.272
4,low,k,uninoc,new,35,Jun/23/2025,13:40:33,364,740,1104,0.67,2.032
4,low,k,uninoc,old,35,Jun/23/2025,13:40:43,218,808,1026,0.787,3.706
5,high,g,uninoc,new,35,Jun/23/2025,13:40:57,278,755,1033,0.73,2.715
5,high,g,uninoc,old,35,Jun/23/2025,13:41:12,297,1016,1313,0.773,3.42
6,high,h,uninoc,new,35,Jun/23/2025,13:41:29,298,572,870,0.657,1.919
6,high,h,uninoc,old,35,Jun/23/2025,13:41:44,369,776,1145,0.677,2.102
7,low,k,uninoc,new,35,Jun/23/2025,13:42:00,317,943,1260,0.748,2.974
7,low,k,uninoc,old,35,Jun/23/2025,13:42:10,288,899,1187,0.757,3.121
8,high,h,uninoc,new,35,Jun/23/2025,13:42:19,362,745,1107,0.672,2.058
8,high,h,uninoc,old,35,Jun/23/2025,13:42:28,232,696,928,0.75,3
9,low,k,uninoc,new,35,Jun/23/2025,13:42:46,340,857,1197,0.715,2.52
9,low,k,uninoc,old,35,Jun/23/2025,13:42:57,139,335,474,0.706,2.41
10,high,h,inoc,new,35,Jun/23/2025,13:43:23,483,1041,1524,0.683,2.155
10,high,h,inoc,new,35,Jun/23/2025,13:43:38,301,851,1152,0.738,2.827
11,high,j,uninoc,new,35,Jun/23/2025,13:44:32,295,593,888,0.667,2.01
11,high,j,uninoc,old,35,Jun/23/2025,13:44:44,326,1150,1476,0.779,3.527
12,low,k,inoc,new,35,Jun/23/2025,13:44:52,280,174,454,0.383,0.621
12,low,k,inoc,old,35,Jun/23/2025,13:45:02,368,937,1305,0.718,2.546
13,low,k,uninoc,new,35,Jun/23/2025,13:45:13,423,832,1255,0.662,1.966
13,low,k,uninoc,old,35,Jun/23/2025,13:45:22,272,911,1183,0.77,3.349
14,low,k,inoc,new,35,Jun/23/2025,13:45:34,422,942,1364,0.69,2.232
14,low,k,inoc,old,35,Jun/23/2025,13:45:42,129,502,631,0.795,3.891
15,low,k,uninoc,new,35,Jun/23/2025,13:45:53,401,733,1134,0.646,1.827
15,low,k,uninoc,old,35,Jun/23/2025,13:46:03,175,449,624,0.719,2.565
16,high,i,inoc,new,35,Jun/23/2025,13:46:19,326,890,1216,0.731,2.73
16,high,i,inoc,old,35,Jun/23/2025,13:46:32,232,648,880,0.736,2.793
17,low,k,uninoc,new,35,Jun/23/2025,13:46:47,480,697,1177,0.592,1.452
17,low,k,uninoc,old,35,Jun/23/2025,13:46:55,210,640,850,0.752,3.047
18,high,g,uninoc,new,35,Jun/23/2025,13:47:05,321,743,1064,0.698,2.314
18,high,g,uninoc,old,35,Jun/23/2025,13:47:17,164,604,768,0.786,3.682
19,low,h,inoc,new,35,Jun/23/2025,13:47:31,373,421,794,0.53,1.128
19,low,h,inoc,old,35,Jun/23/2025,13:47:42,386,593,979,0.605,1.536
20,high,g,uninoc,old,35,Jun/23/2025,13:47:56,242,675,917,0.736,2.789
20,high,g,uninoc,old,35,Jun/23/2025,13:48:05,118,307,425,0.722,2.601
21,high,h,uninoc,old,35,Jun/23/2025,13:48:16,323,924,1247,0.74,2.86
21,high,h,uninoc,old,35,Jun/23/2025,13:48:28,183,636,819,0.776,3.475
22,high,h,inoc,new,35,Jun/23/2025,13:48:39,409,959,1368,0.701,2.344
22,high,h,inoc,old,35,Jun/23/2025,13:48:48,229,826,1055,0.782,3.606
23,high,j,uninoc,new,35,Jun/23/2025,13:48:56,290,836,1126,0.742,2.882
23,high,j,uninoc,old,35,Jun/23/2025,13:49:09,261,811,1072,0.756,3.107
24,high,i,inoc,new,35,Jun/23/2025,13:49:22,320,665,985,0.675,2.078
24,high,i,inoc,new,35,Jun/23/2025,13:49:32,304,767,1071,0.716,2.523
25,high,h,uninoc,new,35,Jun/23/2025,13:49:43,373,564,937,0.601,1.512
25,high,h,uninoc,old,35,Jun/23/2025,13:49:54,215,501,716,0.699,2.33
26,low,k,uninoc,new,35,Jun/23/2025,13:50:04,347,704,1051,0.669,2.028
26,low,k,uninoc,old,35,Jun/23/2025,13:50:12,231,646,877,0.736,2.796
27,high,i,uninoc,new,35,Jun/23/2025,13:50:24,277,742,1019,0.728,2.678
27,high,i,uninoc,old,35,Jun/23/2025,13:50:33,66,184,250,0.736,2.787
28,low,k,inoc,new,35,Jun/23/2025,13:50:43,261,481,742,0.648,1.842
28,low,k,inoc,old,35,Jun/23/2025,13:50:53,351,736,1087,0.677,2.096
29,low,k,uninoc,new,35,Jun/23/2025,13:51:03,255,446,701,0.636,1.749
29,low,k,uninoc,old,35,Jun/23/2025,13:51:11,300,821,1121,0.732,2.736
30,low,k,uninoc,new,35,Jun/23/2025,13:51:20,365,688,1053,0.653,1.884
30,low,k,uninoc,old,35,Jun/23/2025,13:51:30,238,640,878,0.728,2.689
31,low,k,uninoc,new,35,Jun/23/2025,13:51:44,314,603,917,0.657,1.92
31,low,k,uninoc,old,35,Jun/23/2025,13:51:58,239,435,674,0.645,1.82
32,low,k,uninoc,new,35,Jun/23/2025,13:52:08,209,425,634,0.67,2.033
32,low,k,uninoc,old,35,Jun/23/2025,13:52:16,429,977,1406,0.694,2.277
33,low,l,inoc,new,35,Jun/23/2025,13:52:26,345,565,910,0.62,1.637
33,low,l,inoc,old,35,Jun/23/2025,13:52:36,176,296,472,0.627,1.681
34,high,j,uninoc,old,35,Jun/23/2025,13:52:50,207,402,609,0.66,1.942
34,high,j,uninoc,old,35,Jun/23/2025,13:52:58,321,646,967,0.668,2.012
35,low,k,uninoc,new,35,Jun/23/2025,13:53:07,396,728,1124,0.647,1.838
35,low,k,uninoc,old,35,Jun/23/2025,13:53:17,331,912,1243,0.733,2.755
36,high,g,uninoc,new,35,Jun/23/2025,13:53:31,268,506,774,0.653,1.888
36,high,g,uninoc,old,35,Jun/23/2025,13:53:41,314,994,1308,0.759,3.165
37,low,k,uninoc,new,35,Jun/23/2025,13:53:51,237,477,714,0.668,2.012
37,low,k,uninoc,old,35,Jun/23/2025,13:54:05,209,648,857,0.756,3.1
1,high,g,uninoc,old,40,Jun/23/2025,17:05:56,389,561,950,0.59,1.442
1,high,g,uninoc,old,40,Jun/23/2025,17:06:06,441,443,884,0.501,1.004
2,high,h,inoc,new,40,Jun/23/2025,17:06:17,638,606,1244,0.487,0.949
2,high,h,inoc,new,40,Jun/23/2025,17:06:27,409,702,1111,0.631,1.716
3,low,k,uninoc,old,40,Jun/23/2025,17:06:42,418,640,1058,0.604,1.531
3,low,k,uninoc,old,40,Jun/23/2025,17:06:50,309,849,1158,0.733,2.747
4,low,k,uninoc,new,40,Jun/23/2025,17:07:02,367,704,1071,0.657,1.918
4,low,k,uninoc,old,40,Jun/23/2025,17:07:12,308,573,881,0.65,1.86
5,high,g,uninoc,new,40,Jun/23/2025,17:07:21,318,689,1007,0.684,2.166
5,high,g,uninoc,old,40,Jun/23/2025,17:07:31,257,879,1136,0.773,3.42
6,high,h,uninoc,new,40,Jun/23/2025,17:07:42,386,694,1080,0.642,1.797
6,high,h,uninoc,old,40,Jun/23/2025,17:07:53,419,671,1090,0.615,1.601
7,low,k,uninoc,new,40,Jun/23/2025,17:08:04,377,615,992,0.619,1.631
7,low,k,uninoc,old,40,Jun/23/2025,17:08:11,236,647,883,0.732,2.741
8,high,h,uninoc,new,40,Jun/23/2025,17:08:21,308,838,1146,0.731,2.72
8,high,h,uninoc,old,40,Jun/23/2025,17:08:29,243,685,928,0.738,2.818
9,low,k,uninoc,new,40,Jun/23/2025,17:08:39,371,838,1209,0.693,2.258
9,low,k,uninoc,old,40,Jun/23/2025,17:08:52,150,174,324,0.537,1.16
10,high,h,inoc,new,40,Jun/23/2025,17:09:02,531,923,1454,0.634,1.738
10,high,h,inoc,new,40,Jun/23/2025,17:09:11,321,779,1100,0.708,2.426
11,high,j,uninoc,new,40,Jun/23/2025,17:09:35,340,613,953,0.643,1.802
11,high,j,uninoc,old,40,Jun/23/2025,17:09:44,362,1004,1366,0.734,2.773
12,low,k,inoc,new,40,Jun/23/2025,17:09:55,305,104,409,0.254,0.34
12,low,k,inoc,old,40,Jun/23/2025,17:10:06,384,892,1276,0.699,2.322
13,low,k,uninoc,new,40,Jun/23/2025,17:10:16,498,652,1150,0.566,1.309
13,low,k,uninoc,old,40,Jun/23/2025,17:10:24,295,855,1150,0.743,2.898
14,low,k,inoc,new,40,Jun/23/2025,17:10:35,509,802,1311,0.611,1.575
14,low,k,inoc,old,40,Jun/23/2025,17:10:45,173,445,618,0.72,2.572
15,low,k,uninoc,new,40,Jun/23/2025,17:11:00,497,579,1076,0.538,1.164
15,low,k,uninoc,old,40,Jun/23/2025,17:11:08,185,378,563,0.671,2.043
16,high,i,inoc,new,40,Jun/23/2025,17:11:20,322,894,1216,0.735,2.776
16,high,i,inoc,old,40,Jun/23/2025,17:11:31,259,655,914,0.716,2.528
17,low,k,uninoc,new,40,Jun/23/2025,17:11:41,510,572,1082,0.528,1.121
17,low,k,uninoc,old,40,Jun/23/2025,17:11:49,239,574,813,0.706,2.401
18,high,g,uninoc,new,40,Jun/23/2025,17:12:01,364,651,1015,0.641,1.788
18,high,g,uninoc,old,40,Jun/23/2025,17:12:10,187,506,693,0.73,2.705
19,low,h,inoc,new,40,Jun/23/2025,17:12:20,383,560,943,0.593,1.462
19,low,h,inoc,old,40,Jun/23/2025,17:12:31,446,570,1016,0.561,1.278
20,high,g,uninoc,old,40,Jun/23/2025,17:12:44,241,612,853,0.717,2.539
20,high,g,uninoc,old,40,Jun/23/2025,17:12:53,122,268,390,0.687,2.196
21,high,h,uninoc,old,40,Jun/23/2025,17:13:03,311,639,950,0.672,2.054
21,high,h,uninoc,old,40,Jun/23/2025,17:13:13,232,605,837,0.722,2.607
22,high,h,inoc,new,40,Jun/23/2025,17:13:24,456,797,1253,0.636,1.747
22,high,h,inoc,old,40,Jun/23/2025,17:13:34,296,662,958,0.691,2.236
23,high,j,uninoc,new,40,Jun/23/2025,17:13:42,346,758,1104,0.686,2.19
23,high,j,uninoc,old,40,Jun/23/2025,17:13:51,253,727,980,0.741,2.873
24,high,i,inoc,new,40,Jun/23/2025,17:14:05,360,556,916,0.606,1.544
24,high,i,inoc,new,40,Jun/23/2025,17:14:17,270,501,771,0.649,1.855
25,high,h,uninoc,new,40,Jun/23/2025,17:14:28,432,415,847,0.489,0.96
25,high,h,uninoc,old,40,Jun/23/2025,17:14:38,216,382,598,0.638,1.768
26,low,k,uninoc,new,40,Jun/23/2025,17:14:48,429,569,998,0.57,1.326
26,low,k,uninoc,old,40,Jun/23/2025,17:14:58,257,601,858,0.7,2.338
27,high,i,uninoc,new,40,Jun/23/2025,17:15:07,351,564,915,0.616,1.606
27,high,i,uninoc,old,40,Jun/23/2025,17:15:15,60,144,204,0.705,2.4
28,low,k,inoc,new,40,Jun/23/2025,17:15:25,312,401,713,0.562,1.285
28,low,k,inoc,old,40,Jun/23/2025,17:15:34,432,550,982,0.56,1.273
29,low,k,uninoc,new,40,Jun/23/2025,17:15:44,355,424,779,0.544,1.194
29,low,k,uninoc,old,40,Jun/23/2025,17:15:52,318,786,1104,0.711,2.471
30,low,k,uninoc,new,40,Jun/23/2025,17:16:01,473,485,958,0.506,1.025
30,low,k,uninoc,old,40,Jun/23/2025,17:16:11,272,576,848,0.679,2.117
31,low,k,uninoc,new,40,Jun/23/2025,17:16:26,353,516,869,0.593,1.461
31,low,k,uninoc,old,40,Jun/23/2025,17:16:36,229,358,587,0.609,1.563
32,low,k,uninoc,new,40,Jun/23/2025,17:16:45,229,408,637,0.64,1.781
32,low,k,uninoc,old,40,Jun/23/2025,17:16:53,452,906,1358,0.667,2.004
33,low,l,inoc,new,40,Jun/23/2025,17:17:02,408,383,791,0.484,0.938
33,low,l,inoc,old,40,Jun/23/2025,17:17:12,167,187,354,0.528,1.119
34,high,j,uninoc,old,40,Jun/23/2025,17:17:26,253,299,552,0.541,1.181
34,high,j,uninoc,old,40,Jun/23/2025,17:17:35,350,584,934,0.625,1.668
35,low,k,uninoc,new,40,Jun/23/2025,17:17:44,433,642,1075,0.597,1.482
35,low,k,uninoc,old,40,Jun/23/2025,17:17:54,338,826,1164,0.709,2.443
36,high,g,uninoc,new,40,Jun/23/2025,17:18:06,310,464,774,0.599,1.496
36,high,g,uninoc,old,40,Jun/23/2025,17:18:17,375,807,1182,0.682,2.152
37,low,k,uninoc,new,40,Jun/23/2025,17:18:28,240,335,575,0.582,1.395
37,low,k,uninoc,old,40,Jun/23/2025,17:18:40,210,561,771,0.727,2.671
1,high,g,uninoc,old,45,Jun/24/2025,12:33:32,413,248,661,0.375,0.6
1,high,g,uninoc,old,45,Jun/24/2025,12:33:43,502,325,827,0.392,0.647
2,high,h,inoc,new,45,Jun/24/2025,12:33:54,1018,221,1239,0.178,0.217
2,high,h,inoc,new,45,Jun/24/2025,12:34:06,523,449,972,0.461,0.858
3,low,k,uninoc,old,45,Jun/24/2025,12:34:15,516,611,1127,0.542,1.184
3,low,k,uninoc,old,45,Jun/24/2025,12:34:23,430,702,1132,0.62,1.632
4,low,k,uninoc,new,45,Jun/24/2025,12:34:37,437,527,964,0.546,1.205
4,low,k,uninoc,old,45,Jun/24/2025,12:34:45,487,412,899,0.458,0.845
5,high,g,uninoc,new,45,Jun/24/2025,12:34:55,441,495,936,0.528,1.122
5,high,g,uninoc,old,45,Jun/24/2025,12:35:07,348,886,1234,0.717,2.545
6,high,h,uninoc,new,45,Jun/24/2025,12:35:16,487,454,941,0.482,0.932
6,high,h,uninoc,old,45,Jun/24/2025,12:35:25,514,531,1045,0.508,1.033
7,low,k,uninoc,new,45,Jun/24/2025,12:35:35,480,431,911,0.473,0.897
7,low,k,uninoc,old,45,Jun/24/2025,12:35:44,288,563,851,0.661,1.954
8,high,h,uninoc,new,45,Jun/24/2025,12:35:55,422,673,1095,0.614,1.594
8,high,h,uninoc,old,45,Jun/24/2025,12:36:04,362,725,1087,0.666,2.002
9,low,k,uninoc,new,45,Jun/24/2025,12:36:17,505,708,1213,0.583,1.401
9,low,k,uninoc,old,45,Jun/24/2025,12:36:27,57,35,92,0.38,0.614
10,high,h,inoc,new,45,Jun/24/2025,12:36:41,555,691,1246,0.554,1.245
10,high,h,inoc,new,45,Jun/24/2025,12:37:00,384,668,1052,0.634,1.739
11,high,j,uninoc,new,45,Jun/24/2025,12:37:14,347,495,842,0.587,1.426
11,high,j,uninoc,old,45,Jun/24/2025,12:37:23,452,799,1251,0.638,1.767
12,low,k,inoc,new,45,Jun/24/2025,12:37:32,370,87,457,0.19,0.235
12,low,k,inoc,old,45,Jun/24/2025,12:37:41,418,798,1216,0.656,1.909
13,low,k,uninoc,new,45,Jun/24/2025,12:37:51,475,447,922,0.484,0.941
13,low,k,uninoc,old,45,Jun/24/2025,12:38:00,198,361,559,0.645,1.823
14,low,k,inoc,new,45,Jun/24/2025,12:38:10,571,619,1190,0.52,1.084
14,low,k,inoc,old,45,Jun/24/2025,12:38:20,187,284,471,0.602,1.518
15,low,k,uninoc,new,45,Jun/24/2025,12:38:29,483,375,858,0.437,0.776
15,low,k,uninoc,old,45,Jun/24/2025,12:38:37,207,248,455,0.545,1.198
16,high,i,inoc,new,45,Jun/24/2025,12:38:51,388,838,1226,0.683,2.159
16,high,i,inoc,old,45,Jun/24/2025,12:39:04,322,541,863,0.626,1.68
17,low,k,uninoc,new,45,Jun/24/2025,12:39:16,582,469,1051,0.446,0.805
17,low,k,uninoc,old,45,Jun/24/2025,12:39:27,341,441,782,0.563,1.293
18,high,g,uninoc,new,45,Jun/24/2025,12:39:37,422,548,970,0.564,1.298
18,high,g,uninoc,old,45,Jun/24/2025,12:39:48,267,367,634,0.578,1.374
19,low,h,inoc,new,45,Jun/24/2025,12:39:59,466,452,918,0.492,0.969
19,low,h,inoc,old,45,Jun/24/2025,12:40:13,543,451,994,0.453,0.83
1,high,g,uninoc,old,50,Jun/24/2025,16:19:20,570,226,796,0.283,0.396
1,high,g,uninoc,old,50,Jun/24/2025,16:19:30,720,199,919,0.216,0.276
2,high,h,inoc,new,50,Jun/24/2025,16:20:02,1082,12,1094,0.01,0.011
2,high,h,inoc,new,50,Jun/24/2025,16:20:14,778,121,899,0.134,0.155
3,low,k,uninoc,old,50,Jun/24/2025,16:20:24,735,362,1097,0.329,0.492
3,low,k,uninoc,old,50,Jun/24/2025,16:20:32,753,329,1082,0.304,0.436
4,low,k,uninoc,new,50,Jun/24/2025,16:20:41,619,272,891,0.305,0.439
4,low,k,uninoc,old,50,Jun/24/2025,16:20:49,612,223,835,0.267,0.364
5,high,g,uninoc,new,50,Jun/24/2025,16:20:58,706,145,851,0.17,0.205
5,high,g,uninoc,old,50,Jun/24/2025,16:21:06,783,371,1154,0.321,0.473
6,high,h,uninoc,new,50,Jun/24/2025,16:21:15,722,74,796,0.092,0.102
6,high,h,uninoc,old,50,Jun/24/2025,16:21:27,743,167,910,0.183,0.224
7,low,k,uninoc,new,50,Jun/24/2025,16:21:41,588,171,759,0.225,0.29
7,low,k,uninoc,old,50,Jun/24/2025,16:21:55,437,385,822,0.468,0.881
8,high,h,uninoc,new,50,Jun/24/2025,16:22:16,486,535,1021,0.523,1.1
8,high,h,uninoc,old,50,Jun/24/2025,16:22:25,597,439,1036,0.423,0.735
9,low,k,uninoc,new,50,Jun/24/2025,16:22:40,566,481,1047,0.459,0.849
9,low,k,uninoc,old,50,Jun/24/2025,16:22:48,481,211,692,0.304,0.438
10,high,h,inoc,new,50,Jun/24/2025,16:23:07,609,165,774,0.213,0.27
10,high,h,inoc,new,50,Jun/24/2025,16:23:17,449,358,807,0.443,0.797
11,high,j,uninoc,new,50,Jun/24/2025,16:23:34,417,247,664,0.371,0.592
11,high,j,uninoc,old,50,Jun/24/2025,16:23:42,915,222,1137,0.195,0.242
12,low,k,inoc,new,50,Jun/24/2025,16:23:52,365,16,381,0.041,0.043
12,low,k,inoc,old,50,Jun/24/2025,16:24:01,506,649,1155,0.561,1.282
13,low,k,uninoc,new,50,Jun/24/2025,16:24:10,829,126,955,0.131,0.151
13,low,k,uninoc,old,50,Jun/24/2025,16:24:18,480,537,1017,0.528,1.118
14,low,k,inoc,new,50,Jun/24/2025,16:24:27,725,423,1148,0.368,0.583
14,low,k,inoc,old,50,Jun/24/2025,16:24:38,128,6,134,0.044,0.046
15,low,k,uninoc,new,50,Jun/24/2025,16:24:53,783,157,940,0.167,0.2
15,low,k,uninoc,old,50,Jun/24/2025,16:25:06,316,71,387,0.183,0.224
16,high,i,inoc,new,50,Jun/24/2025,16:26:05,471,757,1228,0.616,1.607
16,high,i,inoc,old,50,Jun/24/2025,16:26:17,517,276,793,0.348,0.533
17,low,k,uninoc,new,50,Jun/24/2025,16:26:29,798,250,1048,0.238,0.313
17,low,k,uninoc,old,50,Jun/24/2025,16:26:37,422,361,783,0.461,0.855
18,high,g,uninoc,new,50,Jun/24/2025,16:26:46,444,400,844,0.473,0.9
18,high,g,uninoc,old,50,Jun/24/2025,16:26:57,505,315,820,0.384,0.623
19,low,h,inoc,new,50,Jun/24/2025,16:27:07,654,175,829,0.211,0.267
19,low,h,inoc,old,50,Jun/24/2025,16:27:18,947,73,1020,0.071,0.077
20,high,g,uninoc,old,rec1,Jun/24/2025,14:58:44,161,593,754,0.786,3.683
20,high,g,uninoc,old,rec1,Jun/24/2025,14:58:53,162,515,677,0.76,3.179
21,high,h,uninoc,old,rec1,Jun/24/2025,14:59:03,210,539,749,0.719,2.566
21,high,h,uninoc,old,rec1,Jun/24/2025,14:59:12,240,721,961,0.75,3.004
22,high,h,inoc,new,rec1,Jun/24/2025,14:59:23,287,528,815,0.647,1.839
22,high,h,inoc,old,rec1,Jun/24/2025,14:59:34,295,651,946,0.688,2.206
23,high,j,uninoc,new,rec1,Jun/24/2025,14:59:48,165,515,680,0.757,3.121
23,high,j,uninoc,old,rec1,Jun/24/2025,14:59:57,194,480,674,0.712,2.474
24,high,i,inoc,new,rec1,Jun/24/2025,15:00:10,259,644,903,0.713,2.486
24,high,i,inoc,new,rec1,Jun/24/2025,15:00:21,213,721,934,0.771,3.384
25,high,h,uninoc,new,rec1,Jun/24/2025,15:00:36,239,319,558,0.571,1.334
25,high,h,uninoc,old,rec1,Jun/24/2025,15:00:47,190,659,849,0.776,3.468
26,low,k,uninoc,new,rec1,Jun/24/2025,15:01:00,299,87,386,0.225,0.29
26,low,k,uninoc,old,rec1,Jun/24/2025,15:01:13,292,531,823,0.645,1.818
27,high,i,uninoc,new,rec1,Jun/24/2025,15:01:25,312,760,1072,0.708,2.435
27,high,i,uninoc,old,rec1,Jun/24/2025,15:01:37,209,856,1065,0.803,4.095
28,low,k,inoc,new,rec1,Jun/24/2025,15:01:48,433,402,835,0.481,0.928
28,low,k,inoc,old,rec1,Jun/24/2025,15:01:59,313,606,919,0.659,1.936
29,low,k,uninoc,new,rec1,Jun/24/2025,15:02:11,256,430,686,0.626,1.679
29,low,k,uninoc,old,rec1,Jun/24/2025,15:02:20,240,813,1053,0.772,3.387
30,low,k,uninoc,new,rec1,Jun/24/2025,15:02:31,458,850,1308,0.649,1.855
30,low,k,uninoc,old,rec1,Jun/24/2025,15:02:42,257,937,1194,0.784,3.645
31,low,k,uninoc,new,rec1,Jun/24/2025,15:03:01,259,490,749,0.654,1.891
31,low,k,uninoc,old,rec1,Jun/24/2025,15:03:11,184,619,803,0.77,3.364
32,low,k,uninoc,new,rec1,Jun/24/2025,15:03:23,270,688,958,0.718,2.548
32,low,k,uninoc,old,rec1,Jun/24/2025,15:03:32,364,1138,1502,0.757,3.126
33,low,l,inoc,new,rec1,Jun/24/2025,15:03:43,202,184,386,0.476,0.91
33,low,l,inoc,old,rec1,Jun/24/2025,15:03:56,137,72,209,0.344,0.525
34,high,j,uninoc,old,rec1,Jun/24/2025,15:04:09,315,652,967,0.674,2.069
34,high,j,uninoc,old,rec1,Jun/24/2025,15:04:19,340,872,1212,0.719,2.564
35,low,k,uninoc,new,rec1,Jun/24/2025,15:04:28,291,810,1101,0.735,2.783
35,low,k,uninoc,old,rec1,Jun/24/2025,15:04:37,227,909,1136,0.8,4.004
36,high,g,uninoc,new,rec1,Jun/24/2025,15:04:50,186,428,614,0.697,2.301
36,high,g,uninoc,old,rec1,Jun/24/2025,15:05:00,178,535,713,0.75,3.005
37,low,k,uninoc,new,rec1,Jun/24/2025,15:05:13,386,237,623,0.38,0.613
37,low,k,uninoc,old,rec1,Jun/24/2025,15:05:39,139,197,336,0.586,1.417
1,high,g,uninoc,old,rec1,Jun/25/2025,16:19:36,253,269,522,0.515,1.063
1,high,g,uninoc,old,rec1,Jun/25/2025,16:19:46,127,133,260,0.511,1.047
2,high,h,inoc,new,rec1,Jun/25/2025,16:19:58,397,81,478,0.169,0.204
2,high,h,inoc,new,rec1,Jun/25/2025,16:20:09,276,428,704,0.607,1.55
3,low,k,uninoc,old,rec1,Jun/25/2025,16:20:27,294,338,632,0.534,1.149
3,low,k,uninoc,old,rec1,Jun/25/2025,16:20:37,225,358,583,0.614,1.591
4,low,k,uninoc,new,rec1,Jun/25/2025,16:20:50,157,118,275,0.429,0.751
4,low,k,uninoc,old,rec1,Jun/25/2025,16:21:00,246,300,546,0.549,1.219
5,high,g,uninoc,new,rec1,Jun/25/2025,16:21:18,186,508,694,0.731,2.731
5,high,g,uninoc,old,rec1,Jun/25/2025,16:21:32,182,465,647,0.718,2.554
6,high,h,uninoc,old,rec1,Jun/25/2025,16:21:44,183,730,913,0.799,3.989
6,high,h,uninoc,new,rec1,Jun/25/2025,16:21:58,397,287,684,0.419,0.722
7,low,k,uninoc,new,rec1,Jun/25/2025,16:22:40,333,386,719,0.536,1.159
7,low,k,uninoc,old,rec1,Jun/25/2025,16:22:49,223,274,497,0.551,1.228
8,high,h,uninoc,new,rec1,Jun/25/2025,16:22:59,317,598,915,0.653,1.886
8,high,h,uninoc,old,rec1,Jun/25/2025,16:23:09,278,627,905,0.692,2.255
9,low,k,uninoc,new,rec1,Jun/25/2025,16:23:22,338,386,724,0.533,1.142
9,low,k,uninoc,old,rec1,Jun/25/2025,16:23:32,290,357,647,0.551,1.231
10,high,h,inoc,new,rec1,Jun/25/2025,16:23:44,240,122,362,0.337,0.508
10,high,h,inoc,new,rec1,Jun/25/2025,16:23:56,74,113,187,0.604,1.527
11,high,j,uninoc,new,rec1,Jun/25/2025,16:24:10,157,270,427,0.632,1.719
11,high,j,uninoc,old,rec1,Jun/25/2025,16:24:21,249,582,831,0.7,2.337
12,low,k,inoc,new,rec1,Jun/25/2025,16:24:36,129,30,159,0.188,0.232
12,low,k,inoc,old,rec1,Jun/25/2025,16:25:01,90,240,330,0.727,2.666
13,low,k,uninoc,new,rec1,Jun/25/2025,16:25:15,203,115,318,0.361,0.566
13,low,k,uninoc,old,rec1,Jun/25/2025,16:25:28,215,409,624,0.655,1.902
14,low,k,inoc,new,rec1,Jun/25/2025,16:25:41,189,81,270,0.3,0.428
14,low,k,inoc,old,rec1,Jun/25/2025,16:25:56,273,599,872,0.686,2.194
15,low,k,uninoc,new,rec1,Jun/25/2025,16:26:07,308,444,752,0.59,1.441
15,low,k,uninoc,old,rec1,Jun/25/2025,16:26:16,182,506,688,0.735,2.78
16,high,i,inoc,new,rec1,Jun/25/2025,16:26:31,313,1112,1425,0.78,3.552
16,high,i,inoc,old,rec1,Jun/25/2025,16:26:43,98,526,624,0.842,5.367
17,low,k,uninoc,new,rec1,Jun/25/2025,16:26:55,193,108,301,0.358,0.559
17,low,k,uninoc,old,rec1,Jun/25/2025,16:27:05,122,81,203,0.399,0.663
18,high,g,uninoc,new,rec1,Jun/25/2025,16:27:19,160,155,315,0.492,0.968
18,high,g,uninoc,old,rec1,Jun/25/2025,16:27:40,235,619,854,0.724,2.634
19,low,h,inoc,new,rec1,Jun/25/2025,16:27:56,211,51,262,0.194,0.241
19,low,h,inoc,old,rec1,Jun/25/2025,16:28:10,254,443,697,0.635,1.744
20,high,g,uninoc,old,rec2,Jun/25/2025,16:28:25,117,381,498,0.765,3.256
20,high,g,uninoc,old,rec2,Jun/25/2025,16:28:41,162,331,493,0.671,2.043
21,high,h,uninoc,old,rec2,Jun/25/2025,16:28:54,148,453,601,0.753,3.06
21,high,h,uninoc,old,rec2,Jun/25/2025,16:29:09,182,628,810,0.775,3.45
22,high,h,inoc,new,rec2,Jun/25/2025,16:29:20,248,724,972,0.744,2.919
22,high,h,inoc,old,rec2,Jun/25/2025,16:29:33,177,645,822,0.784,3.644
23,high,j,uninoc,new,rec2,Jun/25/2025,16:29:45,150,444,594,0.747,2.96
23,high,j,uninoc,old,rec2,Jun/25/2025,16:29:56,169,724,893,0.81,4.284
24,high,i,inoc,new,rec2,Jun/25/2025,16:30:10,284,767,1051,0.729,2.7
24,high,i,inoc,new,rec2,Jun/25/2025,16:30:21,196,836,1032,0.81,4.265
25,high,h,uninoc,new,rec2,Jun/25/2025,16:30:32,246,493,739,0.667,2.004
25,high,h,uninoc,old,rec2,Jun/25/2025,16:30:43,160,344,504,0.682,2.15
26,low,k,uninoc,new,rec2,Jun/25/2025,16:30:56,144,58,202,0.287,0.402
26,low,k,uninoc,old,rec2,Jun/25/2025,16:31:10,263,464,727,0.638,1.764
27,high,i,uninoc,new,rec2,Jun/25/2025,16:31:24,154,433,587,0.737,2.811
27,high,i,uninoc,old,rec2,Jun/25/2025,16:31:42,221,913,1134,0.805,4.131
28,low,k,inoc,new,rec2,Jun/25/2025,16:31:55,154,475,629,0.755,3.084
28,low,k,inoc,old,rec2,Jun/25/2025,16:32:11,225,567,792,0.715,2.52
29,low,k,uninoc,new,rec2,Jun/25/2025,16:32:22,224,408,632,0.645,1.821
29,low,k,uninoc,old,rec2,Jun/25/2025,16:32:31,227,654,881,0.742,2.881
30,low,k,uninoc,new,rec2,Jun/25/2025,16:32:40,389,919,1308,0.702,2.362
30,low,k,uninoc,old,rec2,Jun/25/2025,16:32:51,223,604,827,0.73,2.708
31,low,k,uninoc,new,rec2,Jun/25/2025,16:33:06,178,259,437,0.592,1.455
31,low,k,uninoc,old,rec2,Jun/25/2025,16:33:17,124,307,431,0.712,2.475
32,low,k,uninoc,new,rec2,Jun/25/2025,16:33:30,259,757,1016,0.745,2.922
32,low,k,uninoc,old,rec2,Jun/25/2025,16:33:40,239,602,841,0.715,2.518
33,low,l,inoc,new,rec2,Jun/25/2025,16:33:51,125,66,191,0.345,0.528
33,low,l,inoc,old,rec2,Jun/25/2025,16:34:04,158,195,353,0.552,1.234
34,high,j,uninoc,old,rec2,Jun/25/2025,16:34:20,379,731,1110,0.658,1.928
34,high,j,uninoc,old,rec2,Jun/25/2025,16:34:30,227,516,743,0.694,2.273
35,low,k,uninoc,new,rec2,Jun/25/2025,16:34:46,335,878,1213,0.723,2.62
35,low,k,uninoc,old,rec2,Jun/25/2025,16:34:57,229,530,759,0.698,2.314
36,high,g,uninoc,new,rec2,Jun/25/2025,16:35:09,106,256,362,0.707,2.415
36,high,g,uninoc,old,rec2,Jun/25/2025,16:35:31,144,441,585,0.753,3.062
37,low,k,uninoc,new,rec2,Jun/25/2025,16:35:44,222,402,624,0.644,1.81
37,low,k,uninoc,old,rec2,Jun/25/2025,16:36:00,235,731,966,0.756,3.11
38,high,h,inoc,new,25,Jun/25/2025,16:36:11,168,450,618,0.728,2.678
38,high,h,inoc,old,25,Jun/25/2025,16:36:24,49,224,273,0.82,4.571
39,high,j,inoc,new,25,Jun/25/2025,16:36:35,152,459,611,0.751,3.019
39,high,j,inoc,old,25,Jun/25/2025,16:36:47,126,686,812,0.844,5.444
40,low,n,inoc,new,25,Jun/25/2025,16:36:58,259,766,1025,0.747,2.957
40,low,n,inoc,old,25,Jun/25/2025,16:37:08,351,836,1187,0.704,2.381
41,low,k,uninoc,new,25,Jun/25/2025,16:37:24,65,151,216,0.699,2.323
41,low,k,uninoc,old,25,Jun/25/2025,16:37:34,228,843,1071,0.787,3.697
42,high,g,uninoc,new,25,Jun/25/2025,16:37:48,313,829,1142,0.725,2.648
42,high,g,uninoc,old,25,Jun/25/2025,16:37:58,162,116,278,0.417,0.716
43,high,h,uninoc,old,25,Jun/25/2025,16:38:10,147,802,949,0.845,5.455
43,high,h,uninoc,old,25,Jun/25/2025,16:38:21,132,412,544,0.757,3.121
44,high,h,uninoc,old,25,Jun/25/2025,16:38:40,133,523,656,0.797,3.932
44,high,h,uninoc,old,25,Jun/25/2025,16:39:05,238,741,979,0.756,3.113
45,low,k,uninoc,new,25,Jun/25/2025,16:39:16,281,889,1170,0.759,3.163
45,low,k,uninoc,old,25,Jun/25/2025,16:39:26,71,241,312,0.772,3.394
46,low,k,uninoc,new,25,Jun/25/2025,16:39:41,174,592,766,0.772,3.402
46,low,k,uninoc,old,25,Jun/25/2025,16:39:53,148,672,820,0.819,4.54
47,high,j,uninoc,old,25,Jun/25/2025,16:40:09,158,432,590,0.732,2.734
47,high,j,uninoc,old,25,Jun/25/2025,16:40:24,151,724,875,0.827,4.794
48,low,k,uninoc,new,25,Jun/25/2025,16:40:36,244,472,716,0.659,1.934
48,low,k,uninoc,old,25,Jun/25/2025,16:40:47,212,725,937,0.773,3.419
49,low,k,inoc,new,25,Jun/25/2025,16:40:58,217,666,883,0.754,3.069
49,low,k,inoc,old,25,Jun/25/2025,16:41:08,181,668,849,0.786,3.69
50,low,k,uninoc,new,25,Jun/25/2025,16:41:32,41,80,121,0.661,1.951
50,low,k,uninoc,old,25,Jun/25/2025,16:41:46,125,185,310,0.596,1.48
51,high,i,inoc,new,25,Jun/25/2025,16:42:00,103,440,543,0.81,4.271
51,high,i,inoc,old,25,Jun/25/2025,16:42:14,106,430,536,0.802,4.056
52,low,k,uninoc,new,25,Jun/25/2025,16:42:27,144,396,540,0.733,2.75
52,low,k,uninoc,old,25,Jun/25/2025,16:42:38,199,750,949,0.79,3.768
53,low,k,uninoc,new,25,Jun/25/2025,16:42:49,281,555,836,0.663,1.975
53,low,k,uninoc,old,25,Jun/25/2025,16:42:58,117,597,714,0.836,5.102
55,high,g,uninoc,new,25,Jun/25/2025,16:43:36,203,712,915,0.778,3.507
55,high,g,uninoc,old,25,Jun/25/2025,16:43:47,199,1057,1256,0.841,5.311
56,high,h,uninoc,new,25,Jun/25/2025,16:43:58,128,548,676,0.81,4.281
56,high,h,uninoc,old,25,Jun/25/2025,16:44:06,122,646,768,0.841,5.295
57,low,m,inoc,old,25,Jun/25/2025,16:44:17,190,387,577,0.67,2.036
57,low,m,inoc,old,25,Jun/25/2025,16:44:29,113,330,443,0.744,2.92
1,high,g,uninoc,old,rec2,Jun/27/2025,13:19:02,354,450,804,0.559,1.271
1,high,g,uninoc,old,rec2,Jun/27/2025,13:19:11,231,485,716,0.677,2.099
2,high,h,inoc,new,rec2,Jun/27/2025,13:19:21,410,412,822,0.501,1.004
2,high,h,inoc,new,rec2,Jun/27/2025,13:19:29,268,743,1011,0.734,2.772
3,low,k,uninoc,old,rec2,Jun/27/2025,13:19:37,323,505,828,0.609,1.563
3,low,k,uninoc,old,rec2,Jun/27/2025,13:19:45,129,495,624,0.793,3.837
4,low,k,uninoc,new,rec2,Jun/27/2025,13:19:57,211,350,561,0.623,1.658
4,low,k,uninoc,old,rec2,Jun/27/2025,13:20:06,330,1069,1399,0.764,3.239
5,high,g,uninoc,new,rec2,Jun/27/2025,13:20:19,208,418,626,0.667,2.009
5,high,g,uninoc,old,rec2,Jun/27/2025,13:20:26,330,884,1214,0.728,2.678
6,high,h,uninoc,new,rec2,Jun/27/2025,13:20:36,332,502,834,0.601,1.512
6,high,h,uninoc,old,rec2,Jun/27/2025,13:20:44,297,622,919,0.676,2.094
7,low,k,uninoc,new,rec2,Jun/27/2025,13:20:56,418,684,1102,0.62,1.636
7,low,k,uninoc,old,rec2,Jun/27/2025,13:21:04,291,1054,1345,0.783,3.621
8,high,h,uninoc,new,rec2,Jun/27/2025,13:21:11,235,656,891,0.736,2.791
8,high,h,uninoc,old,rec2,Jun/27/2025,13:21:17,187,642,829,0.774,3.433
9,low,k,uninoc,new,rec2,Jun/27/2025,13:21:30,250,502,752,0.667,2.008
9,low,k,uninoc,old,rec2,Jun/27/2025,13:21:39,75,211,286,0.737,2.813
10,high,h,inoc,new,rec2,Jun/27/2025,13:21:50,310,455,765,0.594,1.467
10,high,h,inoc,new,rec2,Jun/27/2025,13:22:00,196,613,809,0.757,3.127
11,high,j,uninoc,new,rec2,Jun/27/2025,13:22:12,216,792,1008,0.785,3.666
11,high,j,uninoc,old,rec2,Jun/27/2025,13:22:20,144,462,606,0.762,3.208
12,low,k,inoc,new,rec2,Jun/27/2025,13:22:28,104,92,196,0.469,0.884
12,low,k,inoc,old,rec2,Jun/27/2025,13:22:36,108,309,417,0.741,2.861
13,low,k,uninoc,new,rec2,Jun/27/2025,13:22:49,185,265,450,0.588,1.432
13,low,k,uninoc,old,rec2,Jun/27/2025,13:22:58,210,399,609,0.655,1.9
14,low,k,inoc,new,rec2,Jun/27/2025,13:23:08,340,412,752,0.547,1.211
14,low,k,inoc,old,rec2,Jun/27/2025,13:23:20,108,474,582,0.814,4.388
15,low,k,uninoc,new,rec2,Jun/27/2025,13:23:30,203,330,533,0.619,1.625
15,low,k,uninoc,old,rec2,Jun/27/2025,13:23:38,140,494,634,0.779,3.528
16,high,i,inoc,new,rec2,Jun/27/2025,13:23:49,192,697,889,0.784,3.63
16,high,i,inoc,old,rec2,Jun/27/2025,13:24:01,150,406,556,0.73,2.706
17,low,k,uninoc,new,rec2,Jun/27/2025,13:24:11,224,419,643,0.651,1.87
17,low,k,uninoc,old,rec2,Jun/27/2025,13:24:24,153,642,795,0.807,4.196
18,high,g,uninoc,new,rec2,Jun/27/2025,13:24:32,92,302,394,0.766,3.282
18,high,g,uninoc,old,rec2,Jun/27/2025,13:24:41,238,808,1046,0.772,3.394
19,low,h,inoc,new,rec2,Jun/27/2025,13:24:52,346,328,674,0.486,0.947
19,low,h,inoc,old,rec2,Jun/27/2025,13:25:04,239,656,895,0.732,2.744
1,high,g,uninoc,old,rec7,Jun/30/2025,12:23:49,356,510,866,0.588,1.432
1,high,g,uninoc,old,rec7,Jun/30/2025,12:23:57,335,485,820,0.591,1.447
2,high,h,inoc,new,rec7,Jun/30/2025,12:24:09,491,866,1357,0.638,1.763
2,high,h,inoc,new,rec7,Jun/30/2025,12:24:19,256,781,1037,0.753,3.05
3,low,k,uninoc,old,rec7,Jun/30/2025,12:24:29,295,513,808,0.634,1.738
3,low,k,uninoc,old,rec7,Jun/30/2025,12:24:38,166,606,772,0.784,3.65
4,low,k,uninoc,new,rec7,Jun/30/2025,12:24:49,233,380,613,0.619,1.63
4,low,k,uninoc,old,rec7,Jun/30/2025,12:25:02,225,847,1072,0.79,3.764
5,high,g,uninoc,new,rec7,Jun/30/2025,12:25:13,335,849,1184,0.717,2.534
5,high,g,uninoc,old,rec7,Jun/30/2025,12:25:26,60,210,270,0.777,3.5
6,high,h,uninoc,new,rec7,Jun/30/2025,12:25:39,219,562,781,0.719,2.566
6,high,h,uninoc,old,rec7,Jun/30/2025,12:25:49,91,337,428,0.787,3.703
7,low,k,uninoc,new,rec7,Jun/30/2025,12:25:59,281,469,750,0.625,1.669
7,low,k,uninoc,old,rec7,Jun/30/2025,12:26:08,237,869,1106,0.785,3.666
8,high,h,uninoc,new,rec7,Jun/30/2025,12:26:19,201,606,807,0.75,3.014
8,high,h,uninoc,old,rec7,Jun/30/2025,12:26:29,243,916,1159,0.79,3.769
9,low,k,uninoc,new,rec7,Jun/30/2025,12:26:55,258,403,661,0.609,1.562
9,low,k,uninoc,old,rec7,Jun/30/2025,12:27:04,133,457,590,0.774,3.436
10,high,h,inoc,new,rec7,Jun/30/2025,12:27:15,150,394,544,0.724,2.626
10,high,h,inoc,new,rec7,Jun/30/2025,12:27:34,224,755,979,0.771,3.37
11,high,j,uninoc,new,rec7,Jun/30/2025,12:27:49,245,880,1125,0.782,3.591
11,high,j,uninoc,old,rec7,Jun/30/2025,12:28:05,199,787,986,0.798,3.954
12,low,k,inoc,new,rec7,Jun/30/2025,12:28:15,338,289,627,0.46,0.855
12,low,k,inoc,old,rec7,Jun/30/2025,12:28:25,194,545,739,0.737,2.809
13,low,k,uninoc,new,rec7,Jun/30/2025,12:28:43,150,304,454,0.669,2.026
13,low,k,uninoc,old,rec7,Jun/30/2025,12:28:53,249,549,798,0.687,2.204
14,low,k,inoc,new,rec7,Jun/30/2025,12:29:03,197,624,821,0.76,3.167
14,low,k,inoc,old,rec7,Jun/30/2025,12:29:14,216,534,750,0.712,2.472
15,low,k,uninoc,new,rec7,Jun/30/2025,12:29:23,251,439,690,0.636,1.749
15,low,k,uninoc,old,rec7,Jun/30/2025,12:29:33,132,461,593,0.777,3.492
16,high,i,inoc,new,rec7,Jun/30/2025,12:29:50,180,502,682,0.736,2.788
16,high,i,inoc,old,rec7,Jun/30/2025,12:30:03,274,1163,1437,0.809,4.244
17,low,k,uninoc,new,rec7,Jun/30/2025,12:30:13,63,108,171,0.631,1.714
17,low,k,uninoc,old,rec7,Jun/30/2025,12:30:24,101,331,432,0.766,3.277
18,high,g,uninoc,new,rec7,Jun/30/2025,12:30:35,164,554,718,0.771,3.378
18,high,g,uninoc,old,rec7,Jun/30/2025,12:30:50,218,945,1163,0.812,4.334
19,low,h,inoc,new,rec7,Jun/30/2025,12:31:04,274,236,510,0.462,0.861
19,low,h,inoc,old,rec7,Jun/30/2025,12:31:18,119,357,476,0.75,3
20,high,g,uninoc,old,rec7,Jun/30/2025,12:31:31,145,152,297,0.511,1.048
20,high,g,uninoc,old,rec7,Jun/30/2025,12:31:40,200,734,934,0.785,3.67
21,high,h,uninoc,old,rec7,Jun/30/2025,12:31:50,252,669,921,0.726,2.654
21,high,h,uninoc,old,rec7,Jun/30/2025,12:32:00,111,322,433,0.743,2.9
22,high,h,inoc,new,rec7,Jun/30/2025,12:32:09,202,592,794,0.745,2.93
22,high,h,inoc,old,rec7,Jun/30/2025,12:32:18,279,911,1190,0.765,3.265
23,high,j,uninoc,new,rec7,Jun/30/2025,12:32:29,175,620,795,0.779,3.542
23,high,j,uninoc,old,rec7,Jun/30/2025,12:32:40,170,636,806,0.789,3.741
24,high,i,inoc,new,rec7,Jun/30/2025,12:32:52,245,747,992,0.753,3.048
24,high,i,inoc,new,rec7,Jun/30/2025,12:33:01,136,426,562,0.758,3.132
25,high,h,uninoc,new,rec7,Jun/30/2025,12:33:11,306,364,670,0.543,1.189
25,high,h,uninoc,old,rec7,Jun/30/2025,12:33:20,237,461,698,0.66,1.945
26,low,k,uninoc,new,rec7,Jun/30/2025,12:33:30,330,636,966,0.658,1.927
26,low,k,uninoc,old,rec7,Jun/30/2025,12:33:38,199,232,431,0.538,1.165
27,high,i,uninoc,new,rec7,Jun/30/2025,12:33:49,150,336,486,0.691,2.24
27,high,i,uninoc,old,rec7,Jun/30/2025,12:34:00,244,893,1137,0.785,3.659
28,low,k,inoc,new,rec7,Jun/30/2025,12:34:08,177,438,615,0.712,2.474
28,low,k,inoc,old,rec7,Jun/30/2025,12:34:18,266,626,892,0.701,2.353
29,low,k,uninoc,new,rec7,Jun/30/2025,12:34:28,244,436,680,0.641,1.786
29,low,k,uninoc,old,rec7,Jun/30/2025,12:34:37,120,417,537,0.776,3.475
30,low,k,uninoc,new,rec7,Jun/30/2025,12:34:52,289,565,854,0.661,1.955
30,low,k,uninoc,old,rec7,Jun/30/2025,12:35:04,173,700,873,0.801,4.046
31,low,k,uninoc,new,rec7,Jun/30/2025,12:35:17,223,626,849,0.737,2.807
31,low,k,uninoc,old,rec7,Jun/30/2025,12:35:26,175,589,764,0.77,3.365
32,low,k,uninoc,new,rec7,Jun/30/2025,12:35:36,250,464,714,0.649,1.856
32,low,k,uninoc,old,rec7,Jun/30/2025,12:35:46,322,997,1319,0.755,3.096
33,low,l,inoc,new,rec7,Jun/30/2025,12:35:55,184,252,436,0.577,1.369
33,low,l,inoc,old,rec7,Jun/30/2025,12:36:04,179,275,454,0.605,1.536
34,high,j,uninoc,old,rec7,Jun/30/2025,12:36:13,279,740,1019,0.726,2.652
34,high,j,uninoc,old,rec7,Jun/30/2025,12:36:22,75,121,196,0.617,1.613
35,low,k,uninoc,new,rec7,Jun/30/2025,12:36:33,194,617,811,0.76,3.18
35,low,k,uninoc,old,rec7,Jun/30/2025,12:36:43,252,907,1159,0.782,3.599
36,high,g,uninoc,new,rec7,Jun/30/2025,12:36:53,117,202,319,0.633,1.726
36,high,g,uninoc,old,rec7,Jun/30/2025,12:37:05,123,345,468,0.737,2.804
37,low,k,uninoc,new,rec7,Jun/30/2025,12:37:21,321,804,1125,0.714,2.504
37,low,k,uninoc,old,rec7,Jun/30/2025,12:37:31,340,292,632,0.462,0.858
38,high,h,inoc,new,rec7,Jun/30/2025,12:37:51,195,615,810,0.759,3.153
38,high,h,inoc,old,rec7,Jun/30/2025,12:38:01,178,665,843,0.788,3.735
39,high,j,inoc,new,rec7,Jun/30/2025,12:38:10,173,501,674,0.743,2.895
39,high,j,inoc,old,rec7,Jun/30/2025,12:38:20,187,712,899,0.791,3.807
40,low,n,inoc,new,rec7,Jun/30/2025,12:38:29,207,523,730,0.716,2.526
40,low,n,inoc,old,rec7,Jun/30/2025,12:38:58,63,46,109,0.422,0.73
41,low,k,uninoc,new,rec7,Jun/30/2025,12:39:08,303,802,1105,0.725,2.646
41,low,k,uninoc,old,rec7,Jun/30/2025,12:39:27,219,1007,1226,0.821,4.598
42,high,g,uninoc,new,rec7,Jun/30/2025,12:39:37,321,755,1076,0.701,2.352
42,high,g,uninoc,old,rec7,Jun/30/2025,12:39:50,100,367,467,0.785,3.67
43,high,h,uninoc,old,rec7,Jun/30/2025,12:40:01,257,895,1152,0.776,3.482
43,high,h,uninoc,old,rec7,Jun/30/2025,12:40:11,246,908,1154,0.786,3.691
44,high,h,uninoc,old,rec7,Jun/30/2025,12:40:25,104,276,380,0.726,2.653
44,high,h,uninoc,old,rec7,Jun/30/2025,12:40:34,171,704,875,0.804,4.116
45,low,k,uninoc,new,rec7,Jun/30/2025,12:40:43,322,553,875,0.632,1.717
45,low,k,uninoc,old,rec7,Jun/30/2025,12:40:52,95,39,134,0.291,0.41
46,low,k,uninoc,new,rec7,Jun/30/2025,12:41:07,181,207,388,0.533,1.143
46,low,k,uninoc,old,rec7,Jun/30/2025,12:41:19,103,375,478,0.784,3.64
47,high,j,uninoc,old,rec7,Jun/30/2025,12:41:32,158,621,779,0.797,3.93
47,high,j,uninoc,old,rec7,Jun/30/2025,12:41:40,254,548,802,0.683,2.157
48,low,k,uninoc,new,rec7,Jun/30/2025,12:42:00,64,62,126,0.492,0.968
48,low,k,uninoc,old,rec7,Jun/30/2025,12:42:10,210,780,990,0.787,3.714
49,low,k,inoc,new,rec7,Jun/30/2025,12:42:20,178,356,534,0.666,2
49,low,k,inoc,old,rec7,Jun/30/2025,12:42:31,210,825,1035,0.797,3.928
50,low,k,uninoc,new,rec7,Jun/30/2025,12:42:42,203,473,676,0.699,2.33
50,low,k,uninoc,old,rec7,Jun/30/2025,12:42:53,209,436,645,0.675,2.086
51,high,i,inoc,new,rec7,Jun/30/2025,12:43:03,156,402,558,0.72,2.576
51,high,i,inoc,old,rec7,Jun/30/2025,12:43:14,219,828,1047,0.79,3.78
52,low,k,uninoc,new,rec7,Jun/30/2025,12:43:25,260,558,818,0.682,2.146
52,low,k,uninoc,old,rec7,Jun/30/2025,12:43:33,144,428,572,0.748,2.972
53,low,k,uninoc,new,rec7,Jun/30/2025,12:43:46,217,409,626,0.653,1.884
53,low,k,uninoc,old,rec7,Jun/30/2025,12:43:56,96,321,417,0.769,3.343
54,low,k,uninoc,new,rec7,Jun/30/2025,12:44:04,237,791,1028,0.769,3.337
54,low,k,uninoc,old,rec7,Jun/30/2025,12:44:15,143,493,636,0.775,3.447
55,high,g,uninoc,new,rec7,Jun/30/2025,12:44:25,197,610,807,0.755,3.096
55,high,g,uninoc,old,rec7,Jun/30/2025,12:44:32,201,750,951,0.788,3.731
56,high,h,uninoc,old,rec7,Jun/30/2025,12:44:41,123,444,567,0.783,3.609
56,high,h,uninoc,old,rec7,Jun/30/2025,12:44:49,265,639,904,0.706,2.411
57,low,m,inoc,new,rec7,Jun/30/2025,12:44:57,68,78,146,0.534,1.147
57,low,m,inoc,old,rec7,Jun/30/2025,12:45:08,147,388,535,0.725,2.639
